Index, Movement Mode, Trial Type, Time, X, Y, Z, Flags Collected, isFiring, Fire Count, RMSE Distance, Sway V X, Sway V Y, Sway V Z, Sway V Magnitude
0, torque, StraightLine, 493.66, 0, 0.1671877, 0, 0, False, 0, 0,0,0,0,0
1, torque, StraightLine, 493.68, 0, 0.1671877, 0, 0, False, 0, 0,0.01346314,0.01552362,0.02549499,0.03274498
2, torque, StraightLine, 493.7, 0, 0.1671877, 0, 0, False, 0, 0,0.003086236,0.00927958,0.01280788,0.0161145
3, torque, StraightLine, 493.72, 0, 0.1671877, 0, 0, False, 0, 0,0.001053973,0.02343155,0.02416099,0.03367345
4, torque, StraightLine, 493.74, 0, 0.1671877, 0, 0, False, 0, 0,0.007183325,0.0121541,0.01744841,0.02244481
5, torque, StraightLine, 493.76, 0, 0.1671877, 0, 0, False, 0, 0,0.008552004,0.01001908,0.01925766,0.02333187
6, torque, StraightLine, 493.78, 0, 0.1671877, 0, 0, False, 0, 0,0.008476444,0.01413634,0.02266935,0.0280283
7, torque, StraightLine, 493.8, 0, 0.1671877, 0, 0, False, 0, 0,0.003309876,0.01382395,0.03086683,0.03398262
8, torque, StraightLine, 493.82, 0, 0.1671877, 0, 0, False, 0, 0,0.0001431298,0.04864027,0.1000857,0.1112791
9, torque, StraightLine, 493.84, 0, 0.1671877, 0, 0, False, 0, 0,0.007842273,0.07716034,0.1438829,0.1634549
10, torque, StraightLine, 493.86, 0, 0.1671877, 0, 0, False, 0, 0,-0.006503459,0.08618797,0.1855364,0.2046813
11, torque, StraightLine, 493.88, 0, 0.1671877, 0, 0, False, 0, 0,0.006181417,0.0392772,0.149101,0.1543114
12, torque, StraightLine, 493.9, 0, 0.1671877, 0, 0, False, 0, 0,0.009423233,0.05416945,0.1616844,0.1707775
13, torque, StraightLine, 493.92, 0, 0.1671877, 0, 0, False, 0, 0,0.03486104,0.1057908,0.419491,0.4340273
14, torque, StraightLine, 493.94, 0, 0.1671877, 0, 0, False, 0, 0,0.01752453,0.05630121,0.2446959,0.2517003
15, torque, StraightLine, 493.96, 0, 0.1671877, 0, 0, False, 0, 0,0.05118679,0.05539719,0.2722954,0.2825487
16, torque, StraightLine, 493.98, 0, 0.1671877, 0, 0, False, 0, 0,0.08796219,0.1188573,0.5131627,0.5340416
17, torque, StraightLine, 494, 0, 0.1671877, 0, 0, False, 0, 0,0.07594857,0.0692883,0.2798119,0.2981003
18, torque, StraightLine, 494.02, 0, 0.1671877, 0, 0, False, 0, 0,0.1858361,0.1157801,0.5262926,0.570021
19, torque, StraightLine, 494.04, 0, 0.1671877, 0, 0, False, 0, 0,0.1104067,0.03452409,0.2235776,0.2517311
20, torque, StraightLine, 494.06, 0, 0.1671877, 0, 0, False, 0, 0,0.1134718,0.04717869,0.2298465,0.2606359
21, torque, StraightLine, 494.08, 0, 0.1671877, 0, 0, False, 0, 0,0.1187083,0.05718631,0.264269,0.2952965
22, torque, StraightLine, 494.1, 0, 0.1671877, 0, 0, False, 0, 0,0.1303465,0.05570133,0.245754,0.2837039
23, torque, StraightLine, 494.12, 0, 0.1671877, 0, 0, False, 0, 0,0.257348,0.09034394,0.4530208,0.528789
24, torque, StraightLine, 494.14, 0, 0.1671877, 0, 0, False, 0, 0,0.1214546,0.03419013,0.2192905,0.252999
25, torque, StraightLine, 494.16, 0, 0.1671877, 0, 0, False, 0, 0,0.126057,0.008413919,0.1969813,0.2340145
26, torque, StraightLine, 494.18, 0, 0.1671877, 0, 0, False, 0, 0,0.1211862,-0.0257395,0.1621101,0.2040302
27, torque, StraightLine, 494.2, 0, 0.1671877, 0, 0, False, 0, 0,0.2526777,-0.002451097,0.3519606,0.4332762
28, torque, StraightLine, 494.22, 0, 0.1671877, 0, 0, False, 0, 0,0.2157429,-0.03730588,0.2647906,0.3435852
29, torque, StraightLine, 494.24, 0, 0.1671877, 0, 0, False, 0, 0,0.1006292,-0.04579556,0.1160044,0.1602513
30, torque, StraightLine, 494.26, 0, 0.1671877, 0, 0, False, 0, 0,0.09818702,-0.04983898,0.1205578,0.1632752
31, torque, StraightLine, 494.28, 0, 0.1671877, 0, 0, False, 0, 0,0.09332126,-0.04529106,0.1230982,0.1609761
32, torque, StraightLine, 494.3, 0, 0.1671877, 0, 0, False, 0, 0,0.08387405,-0.06285186,0.115669,0.1560914
33, torque, StraightLine, 494.32, 0, 0.1671877, 0, 0, False, 0, 0,0.2515863,-0.1942331,0.3404028,0.4657212
34, torque, StraightLine, 494.34, 0, 0.1671877, 0, 0, False, 0, 0,0.06157703,-0.0762076,0.08968595,0.1328266
35, torque, StraightLine, 494.36, 0, 0.1671877, 0, 0, False, 0, 0,0.06362119,-0.07427838,0.1005375,0.1402595
36, torque, StraightLine, 494.38, 0, 0.1671877, 0, 0, False, 0, 0,0.05223342,-0.0700501,0.08976026,0.1252687
37, torque, StraightLine, 494.4, 0, 0.1671877, 0, 0, False, 0, 0,0.0306992,-0.05514601,0.1052187,0.1226967
38, torque, StraightLine, 494.42, 0, 0.1671877, 0, 0, False, 0, 0,0.0514641,-0.1299797,0.1892914,0.2353179
39, torque, StraightLine, 494.44, 0, 0.1671877, 0, 0, False, 0, 0,0.01380883,-0.04993569,0.08911431,0.1030806
40, torque, StraightLine, 494.46, 0, 0.1671877, 0, 0, False, 0, 0,0.01350787,-0.05044728,0.08793983,0.1022781
41, torque, StraightLine, 494.48, 0, 0.1671877, 0, 0, False, 0, 0,0.006601861,-0.04831823,0.100609,0.1118053
42, torque, StraightLine, 494.5, 0, 0.1671877, 0, 0, False, 0, 0,-0.01068264,-0.05446122,0.09170681,0.1071927
43, torque, StraightLine, 494.52, 0, 0.1671877, 0, 0, False, 0, 0,0.0006619752,-0.1260258,0.1464396,0.1932033
44, torque, StraightLine, 494.54, 0, 0.1671877, 0, 0, False, 0, 0,-0.006324547,-0.05332777,0.06953199,0.08785527
45, torque, StraightLine, 494.56, 0, 0.1671877, 0, 0, False, 0, 0,-0.01160263,-0.05355016,0.06797009,0.08730506
46, torque, StraightLine, 494.58, 0, 0.1671877, 0, 0, False, 0, 0,-0.02511033,-0.05787214,0.06577037,0.09113427
47, torque, StraightLine, 494.6, 0, 0.1671877, 0, 0, False, 0, 0,-0.04041627,-0.08019442,0.04626223,0.1010189
48, torque, StraightLine, 494.62, 0, 0.1671877, 0, 0, False, 0, 0,-0.07907477,-0.2260028,0.1338791,0.2743241
49, torque, StraightLine, 494.64, 0, 0.1671877, 0, 0, False, 0, 0,-0.03729425,-0.06706823,0.04537214,0.08914953
50, torque, StraightLine, 494.66, 0, 0.1671877, 0, 0, False, 0, 0,-0.03496868,-0.05574743,0.05060187,0.08301285
51, torque, StraightLine, 494.68, 0, 0.1671877, 0.003288747, 0, False, 0, 0,-0.03028098,-0.0614146,0.2210281,0.2313917
52, torque, StraightLine, 494.7, -5.001303E-12, 0.1671877, 0.01018466, 0, False, 0, 0,-0.03102356,-0.07177958,0.3913213,0.3990578
53, torque, StraightLine, 494.72, -2.414929E-11, 0.1671877, 0.02047132, 0, False, 0, 0,-0.0552892,-0.1001096,0.5962725,0.6071407
54, torque, StraightLine, 494.74, -6.99897E-11, 0.1671877, 0.03475178, 0, False, 0, 0,-0.03100584,-0.03680224,0.7606378,0.7621586
55, torque, StraightLine, 494.76, -1.578247E-10, 0.1671877, 0.05278644, 0, False, 0, 0,-0.02823277,-0.04973163,0.9443121,0.9460421
56, torque, StraightLine, 494.78, -3.051565E-10, 0.1671877, 0.07451797, 0, False, 0, 0,-0.02953853,-0.05079911,1.120244,1.121784
57, torque, StraightLine, 494.8, -5.312081E-10, 0.1671877, 0.09972458, 0, False, 0, 0,-0.01322213,-0.03962309,1.280677,1.281358
58, torque, StraightLine, 494.82, -8.565112E-10, 0.1671877, 0.1282667, 0, False, 0, 0,-0.10224,-0.1266579,1.567244,1.575674
59, torque, StraightLine, 494.84, -1.302554E-09, 0.1671877, 0.159899, 0, False, 0, 0,-0.01045103,-0.03222061,1.610137,1.610494
60, torque, StraightLine, 494.86, -1.891478E-09, 0.1671877, 0.1943247, 0, False, 0, 0,-0.03826104,-0.04451932,1.789578,1.790541
61, torque, StraightLine, 494.88, -2.645826E-09, 0.1671877, 0.2312225, 0, False, 0, 0,-0.01872264,-0.01555344,1.882303,1.88246
62, torque, StraightLine, 494.9, -3.528307E-09, 0.1671877, 0.2704441, 0, False, 0, 0,-0.02821657,-0.02212748,1.999223,1.999544
63, torque, StraightLine, 494.92, -4.551926E-09, 0.1671877, 0.3117116, 0, False, 0, 0,-0.02916199,-0.06679986,2.127593,2.128841
64, torque, StraightLine, 494.94, -5.671591E-09, 0.1671877, 0.3547475, 0, False, 0, 0,-0.01199595,-0.02116878,2.176524,2.17666
65, torque, StraightLine, 494.96, -6.894005E-09, 0.1671877, 0.3994456, 0, False, 0, 0,-0.008829702,-0.02117128,2.266922,2.267038
66, torque, StraightLine, 494.98, -8.229081E-09, 0.1671877, 0.4455803, 0, False, 0, 0,-0.0141515,-0.02525644,2.33408,2.334259
67, torque, StraightLine, 495, -9.644339E-09, 0.1671877, 0.4930654, 0, False, 0, 0,-0.01009376,-0.03155369,2.387514,2.387743
68, torque, StraightLine, 495.02, -1.116212E-08, 0.1671877, 0.5417829, 0, False, 0, 0,-0.01993037,-0.0453781,2.481587,2.482082
69, torque, StraightLine, 495.04, -1.27504E-08, 0.1671877, 0.591638, 0, False, 0, 0,-0.02585344,-0.04223521,2.558346,2.558825
70, torque, StraightLine, 495.06, -1.443195E-08, 0.1671877, 0.6425696, 0, False, 0, 0,-0.01098588,-0.01604778,2.584127,2.5842
71, torque, StraightLine, 495.08, -1.617517E-08, 0.1671877, 0.6944509, 0, False, 0, 0,-0.009992881,-0.0210699,2.628223,2.628327
72, torque, StraightLine, 495.1, -1.800327E-08, 0.1671877, 0.747225, 0, False, 0, 0,-0.008481217,-0.02251312,2.664796,2.664905
73, torque, StraightLine, 495.12, -1.994506E-08, 0.1671877, 0.8007463, 0, False, 0, 0,-0.02074988,-0.03103563,2.718994,2.71925
74, torque, StraightLine, 495.14, -2.203384E-08, 0.1671877, 0.8548895, 0, False, 0, 0,-0.0158616,-0.01056775,2.732422,2.732488
75, torque, StraightLine, 495.16, -2.430647E-08, 0.1671877, 0.9096175, 0, False, 0, 0,-0.01968722,-0.009301162,2.76709,2.767175
76, torque, StraightLine, 495.18, -2.68025E-08, 0.1671877, 0.9647647, 0, False, 0, 0,-0.0159602,-0.006446803,2.7802,2.780254
77, torque, StraightLine, 495.2, -2.956346E-08, 0.1671877, 1.020306, 0, False, 0, 0,-0.01528939,-0.004216365,2.795295,2.79534
78, torque, StraightLine, 495.22, -3.26323E-08, 0.1671877, 1.076064, 0, False, 0, 0,-0.04727834,-0.007461176,2.818699,2.819105
79, torque, StraightLine, 495.24, -3.605282E-08, 0.1671877, 1.131957, 0, False, 0, 0,-0.03369838,-0.001049618,2.8129,2.813102
80, torque, StraightLine, 495.26, -3.980924E-08, 0.1671877, 1.187949, 0, False, 0, 0,-0.03308217,-0.002349714,2.822263,2.822457
81, torque, StraightLine, 495.28, -4.393616E-08, 0.1671877, 1.244035, 0, False, 0, 0,-0.03435256,-0.003626382,2.815531,2.815743
82, torque, StraightLine, 495.3, -4.840999E-08, 0.1671877, 1.300192, 0, False, 0, 0,-0.03512247,-0.006351383,2.81965,2.819876
83, torque, StraightLine, 495.32, -4.046418E-06, 0.1671877, 1.356418, 0, False, 0, 0,-0.09896869,0.005719227,2.848068,2.849792
84, torque, StraightLine, 495.34, -1.947864E-05, 0.1671877, 1.412748, 0, False, 0, 0,-0.05242525,-0.0006431022,2.818818,2.819305
85, torque, StraightLine, 495.36, -5.736574E-05, 0.1671877, 1.469178, 0, False, 0, 0,-0.06190274,-0.002874523,2.821547,2.822227
86, torque, StraightLine, 495.38, -0.0001310038, 0.1671877, 1.525638, 0, False, 0, 0,-0.06898939,-0.01108659,2.827403,2.828267
87, torque, StraightLine, 495.4, -0.0002568171, 0.1671877, 1.582128, 0, False, 0, 0,-0.07599752,-0.01085533,2.819223,2.820268
88, torque, StraightLine, 495.42, -0.0004525895, 0.1671877, 1.63861, 0, False, 0, 0,-0.1344542,-0.0195074,2.839957,2.843205
89, torque, StraightLine, 495.44, -0.0007384999, 0.1671877, 1.695081, 0, False, 0, 0,-0.09785126,-0.008140006,2.82697,2.828675
90, torque, StraightLine, 495.46, -0.001136841, 0.1671877, 1.751539, 0, False, 0, 0,-0.1108938,-0.01263717,2.821493,2.8237
91, torque, StraightLine, 495.48, -0.001666456, 0.1671877, 1.80788, 0, False, 0, 0,-0.1250997,-0.005892176,2.816895,2.819678
92, torque, StraightLine, 495.5, -0.0023518, 0.1671877, 1.864109, 0, False, 0, 0,-0.1376344,-0.006401248,2.809255,2.812631
93, torque, StraightLine, 495.52, -0.003212832, 0.1671877, 1.92015, 0, False, 0, 0,-0.1408612,-0.01205272,2.809148,2.812704
94, torque, StraightLine, 495.54, -0.004272736, 0.1671877, 1.97598, 0, False, 0, 0,-0.1745465,-0.006876193,2.782932,2.788409
95, torque, StraightLine, 495.56, -0.005557685, 0.1671877, 2.031608, 0, False, 0, 0,-0.1703575,-0.007764863,2.76915,2.774396
96, torque, StraightLine, 495.58, -0.007086287, 0.1671877, 2.086968, 0, False, 0, 0,-0.1849555,-0.006780773,2.760186,2.766384
97, torque, StraightLine, 495.6, -0.00887717, 0.1671877, 2.142005, 0, False, 0, 0,-0.2022931,-0.003947996,2.744454,2.751902
98, torque, StraightLine, 495.62, -0.01095609, 0.1671877, 2.196735, 0, False, 0, 0,-0.2171104,0.02243116,2.719441,2.728186
99, torque, StraightLine, 495.64, -0.01334852, 0.1671877, 2.251169, 0, False, 0, 0,-0.2429585,0.01469466,2.704676,2.715606
100, torque, StraightLine, 495.66, -0.01607046, 0.1671877, 2.305261, 0, False, 0, 0,-0.2623698,0.02150819,2.693764,2.706597
101, torque, StraightLine, 495.68, -0.01914642, 0.1671877, 2.359024, 0, False, 0, 0,-0.2879838,0.01016818,2.671994,2.687488
102, torque, StraightLine, 495.7, -0.02258949, 0.1671877, 2.412414, 0, False, 0, 0,-0.3095867,0.01295921,2.653363,2.671395
103, torque, StraightLine, 495.72, -0.02642289, 0.1671877, 2.465442, 0, False, 0, 0,-0.3290115,0.03668064,2.673661,2.694079
104, torque, StraightLine, 495.74, -0.03066423, 0.1671877, 2.5181, 0, False, 0, 0,-0.3563913,0.02857824,2.621469,2.645739
105, torque, StraightLine, 495.76, -0.035342, 0.1671877, 2.570425, 0, False, 0, 0,-0.3829829,0.03206107,2.599976,2.628227
106, torque, StraightLine, 495.78, -0.04047975, 0.1671877, 2.622435, 0, False, 0, 0,-0.4011208,0.03017221,2.575553,2.606776
107, torque, StraightLine, 495.8, -0.04609764, 0.1671877, 2.674136, 0, False, 0, 0,-0.4212831,0.02810711,2.559482,2.594074
108, torque, StraightLine, 495.82, -0.05222264, 0.1671877, 2.725559, 0, False, 0, 0,-0.4493298,0.08104127,2.587679,2.62765
109, torque, StraightLine, 495.84, -0.05888535, 0.1671877, 2.776745, 0, False, 0, 0,-0.4795584,0.03940787,2.52757,2.572963
110, torque, StraightLine, 495.86, -0.06610298, 0.1671877, 2.82769, 0, False, 0, 0,-0.5043342,0.03632514,2.521815,2.572008
111, torque, StraightLine, 495.88, -0.07392314, 0.1671877, 2.878481, 0, False, 0, 0,-0.5484859,0.04832419,2.496982,2.556969
112, torque, StraightLine, 495.9, -0.08236078, 0.1671877, 2.929108, 0, False, 0, 0,-0.5803692,0.05516983,2.488936,2.556301
113, torque, StraightLine, 495.92, -0.09149076, 0.1671877, 2.979713, 0, False, 0, 0,-0.6252885,0.1211057,2.514385,2.593797
114, torque, StraightLine, 495.94, -0.1013849, 0.1671877, 3.030421, 0, False, 0, 0,-0.6436894,0.06195813,2.501941,2.58416
115, torque, StraightLine, 495.96, -0.1121367, 0.1671877, 3.081389, 0, False, 0, 0,-0.6879644,0.05478888,2.526264,2.618837
116, torque, StraightLine, 495.98, -0.1237537, 0.1671877, 3.132578, 0, False, 0, 0,-0.7455115,0.05276121,2.529043,2.637164
117, torque, StraightLine, 496, -0.1364062, 0.1671877, 3.184285, 0, False, 0, 0,-0.7995352,0.04323671,2.551877,2.674547
118, torque, StraightLine, 496.02, -0.1500956, 0.1671877, 3.236449, 0, False, 0, 0,-0.8620318,0.08847209,2.607168,2.747408
119, torque, StraightLine, 496.04, -0.1649259, 0.1671877, 3.289206, 0, False, 0, 0,-0.9025242,0.05273736,2.595611,2.74855
120, torque, StraightLine, 496.06, -0.1810187, 0.1671877, 3.342713, 0, False, 0, 0,-0.9540539,0.05035847,2.635992,2.803785
121, torque, StraightLine, 496.08, -0.1983652, 0.1671877, 3.396886, 0, False, 0, 0,-1.018131,0.05409113,2.665327,2.853679
122, torque, StraightLine, 496.1, -0.2171514, 0.1671877, 3.451976, 0, False, 0, 0,-1.078823,0.04921875,2.713955,2.92093
123, torque, StraightLine, 496.12, -0.237359, 0.1671877, 3.507885, 1, False, 0, 0,-1.119319,0.08730111,2.817168,3.032645
124, torque, StraightLine, 496.14, -0.2591425, 0.1671877, 3.564798, 1, False, 0, 0,-1.206445,0.03564528,2.786116,3.036318
125, torque, StraightLine, 496.16, -0.2825986, 0.1671877, 3.622809, 1, False, 0, 0,-1.264357,0.01933475,2.845763,3.114055
126, torque, StraightLine, 496.18, -0.3076832, 0.1671877, 3.681817, 1, False, 0, 0,-1.346016,0.03074308,2.917116,3.212829
127, torque, StraightLine, 496.2, -0.3344788, 0.1671877, 3.741914, 1, False, 0, 0,-1.428331,0.03477457,2.977469,3.302523
128, torque, StraightLine, 496.22, -0.3629286, 0.1671877, 3.803003, 1, False, 0, 0,-1.498101,0.05169231,3.027451,3.37823
129, torque, StraightLine, 496.24, -0.3930376, 0.1671877, 3.865085, 1, False, 0, 0,-1.566099,0.02250716,3.083039,3.458078
130, torque, StraightLine, 496.26, -0.4247335, 0.1671877, 3.92806, 1, False, 0, 0,-1.617688,-0.001186784,3.127791,3.521362
131, torque, StraightLine, 496.28, -0.4579532, 0.1671877, 3.991852, 1, False, 0, 0,-1.665658,-0.01100419,3.160561,3.57263
132, torque, StraightLine, 496.3, -0.4925435, 0.1671877, 4.056271, 1, False, 0, 0,-1.727728,-0.006750954,3.20489,3.640936
133, torque, StraightLine, 496.32, -0.5284407, 0.1671877, 4.121265, 1, False, 0, 0,-1.762226,0.001777195,3.268631,3.713407
134, torque, StraightLine, 496.34, -0.5654403, 0.1671877, 4.186612, 1, False, 0, 0,-1.821977,-0.007348037,3.291921,3.762499
135, torque, StraightLine, 496.36, -0.603478, 0.1671877, 4.252289, 1, False, 0, 0,-1.85987,-0.01160544,3.296756,3.785215
136, torque, StraightLine, 496.38, -0.6423773, 0.1671877, 4.318139, 1, False, 0, 0,-1.892137,-0.01670444,3.313263,3.815518
137, torque, StraightLine, 496.4, -0.6820736, 0.1671877, 4.384162, 1, False, 0, 0,-1.918231,-0.01395174,3.318812,3.833317
138, torque, StraightLine, 496.42, -0.7224216, 0.1671877, 4.450257, 1, False, 0, 0,-1.913937,-0.02809518,3.310043,3.823654
139, torque, StraightLine, 496.44, -0.7633157, 0.1671877, 4.516383, 1, False, 0, 0,-1.958824,-0.01604778,3.328887,3.862478
140, torque, StraightLine, 496.46, -0.8046933, 0.1671877, 4.582559, 1, False, 0, 0,-1.977782,-0.004055344,3.353888,3.893611
141, torque, StraightLine, 496.48, -0.8464514, 0.1671877, 4.648753, 1, False, 0, 0,-1.984676,-0.01239265,3.345014,3.8895
142, torque, StraightLine, 496.5, -0.888528, 0.1671877, 4.714992, 1, False, 0, 0,-1.984551,-0.01124238,3.343512,3.888141
143, torque, StraightLine, 496.52, -0.9308484, 0.1671877, 4.781285, 1, False, 0, 0,-1.970369,-0.003417223,3.319561,3.860292
144, torque, StraightLine, 496.54, -0.9733452, 0.1671877, 4.847655, 1, False, 0, 0,-1.973438,-0.0101145,3.331107,3.871799
145, torque, StraightLine, 496.56, -1.015936, 0.1671877, 4.914099, 1, False, 0, 0,-2.000054,-0.00119093,3.377477,3.925247
146, torque, StraightLine, 496.58, -1.058496, 0.1671877, 4.980548, 1, False, 0, 0,-1.99007,0.0004770992,3.380177,3.922496
147, torque, StraightLine, 496.6, -1.100972, 0.1671877, 5.047037, 1, False, 0, 0,-1.964766,0.005570134,3.375883,3.906011
148, torque, StraightLine, 496.62, -1.143247, 0.1671877, 5.113498, 1, False, 0, 0,-1.912336,0.01071241,3.339772,3.848535
149, torque, StraightLine, 496.64, -1.185215, 0.1671877, 5.17987, 1, False, 0, 0,-1.934775,-0.00703125,3.362715,3.879594
150, torque, StraightLine, 496.66, -1.226832, 0.1671877, 5.246193, 1, False, 0, 0,-1.909585,-0.0007205126,3.352539,3.858242
151, torque, StraightLine, 496.68, -1.267957, 0.1671877, 5.312325, 1, False, 0, 0,-1.900632,0.01129532,3.341388,3.844139
152, torque, StraightLine, 496.7, -1.308463, 0.1671877, 5.37813, 1, False, 0, 0,-1.85133,0.01668655,3.289981,3.775139
153, torque, StraightLine, 496.72, -1.348243, 0.1671877, 5.443489, 1, False, 0, 0,-1.83056,0.01046827,3.279702,3.755996
154, torque, StraightLine, 496.74, -1.387203, 0.1671877, 5.508299, 1, False, 0, 0,-1.785377,0.01647185,3.280892,3.73525
155, torque, StraightLine, 496.76, -1.425333, 0.1671877, 5.572622, 1, False, 0, 0,-1.730576,0.01369275,3.247376,3.679746
156, torque, StraightLine, 496.78, -1.462558, 0.1671877, 5.63636, 1, False, 0, 0,-1.681075,0.01265958,3.212486,3.625774
157, torque, StraightLine, 496.8, -1.498873, 0.1671877, 5.699572, 1, False, 0, 0,-1.632496,0.009363073,3.19053,3.583938
158, torque, StraightLine, 496.82, -1.534219, 0.1671877, 5.762177, 1, False, 0, 0,-1.571452,0.02033039,3.154008,3.523867
159, torque, StraightLine, 496.84, -1.568555, 0.1671877, 5.824115, 1, False, 0, 0,-1.534585,0.008360328,3.127763,3.483952
160, torque, StraightLine, 496.86, -1.601883, 0.1671877, 5.885447, 1, False, 0, 0,-1.482025,0.003142891,3.097591,3.433872
161, torque, StraightLine, 496.88, -1.634174, 0.1671877, 5.946123, 1, False, 0, 0,-1.426569,0.002540553,3.058564,3.374895
162, torque, StraightLine, 496.9, -1.665432, 0.1671877, 6.006195, 1, False, 0, 0,-1.371546,0.00577601,3.029654,3.325655
163, torque, StraightLine, 496.92, -1.695661, 0.1671877, 6.065716, 1, False, 0, 0,-1.305904,0.003447042,3.021136,3.2913
164, torque, StraightLine, 496.94, -1.724851, 0.1671877, 6.124678, 1, False, 0, 0,-1.269912,0.0003632336,2.972966,3.232832
165, torque, StraightLine, 496.96, -1.752989, 0.1671877, 6.183049, 1, False, 0, 0,-1.224231,-0.0003160783,2.943726,3.188144
166, torque, StraightLine, 496.98, -1.780082, 0.1671877, 6.240878, 1, False, 0, 0,-1.172477,-0.005832538,2.906322,3.133918
167, torque, StraightLine, 497, -1.806125, 0.1671877, 6.298159, 1, False, 0, 0,-1.10928,-0.004727992,2.877287,3.083716
168, torque, StraightLine, 497.02, -1.831126, 0.1671877, 6.354936, 1, False, 0, 0,-1.036522,0.02759423,2.888263,3.068747
169, torque, StraightLine, 497.04, -1.85509, 0.1671877, 6.411244, 1, False, 0, 0,-1.010323,0.01088979,2.835401,3.010045
170, torque, StraightLine, 497.06, -1.878027, 0.1671877, 6.46716, 1, False, 0, 0,-0.9579959,0.002000762,2.808165,2.967078
171, torque, StraightLine, 497.08, -1.89994, 0.1671877, 6.522704, 1, False, 0, 0,-0.9074726,0.001586355,2.789456,2.933356
172, torque, StraightLine, 497.1, -1.920832, 0.1671877, 6.577905, 1, False, 0, 0,-0.8543655,0.0007096851,2.771994,2.900671
173, torque, StraightLine, 497.12, -1.940699, 0.1671877, 6.632705, 1, False, 0, 0,-0.7640351,0.02371737,2.759504,2.86342
174, torque, StraightLine, 497.14, -1.959544, 0.1671877, 6.687094, 1, False, 0, 0,-0.7473581,0.007198235,2.717629,2.818528
175, torque, StraightLine, 497.16, -1.977375, 0.1671877, 6.741098, 1, False, 0, 0,-0.6983077,5.954649E-06,2.690882,2.780015
176, torque, StraightLine, 497.18, -1.994201, 0.1671877, 6.794871, 1, False, 0, 0,-0.6561784,-0.006613788,2.674284,2.753618
177, torque, StraightLine, 497.2, -2.010029, 0.1671877, 6.848427, 1, False, 0, 0,-0.6091126,0.006900048,2.67698,2.745412
178, torque, StraightLine, 497.22, -2.024864, 0.1671877, 6.901923, 1, False, 0, 0,-0.5322801,0.03267911,2.675948,2.728569
179, torque, StraightLine, 497.24, -2.038709, 0.1671877, 6.955529, 1, False, 0, 0,-0.5353531,0.008468512,2.659327,2.712692
180, torque, StraightLine, 497.26, -2.051564, 0.1671877, 7.009495, 1, False, 0, 0,-0.5093989,0.006071088,2.674594,2.722679
181, torque, StraightLine, 497.28, -2.063441, 0.1671877, 7.063797, 1, False, 0, 0,-0.4822671,0.009283299,2.693359,2.736211
182, torque, StraightLine, 497.3, -2.074334, 0.1671877, 7.118731, 1, False, 0, 0,-0.4487596,0.00864146,2.739146,2.775676
183, torque, StraightLine, 497.32, -2.084264, 0.1671877, 7.174255, 1, False, 0, 0,-0.3961236,-0.0006023378,2.744561,2.773
184, torque, StraightLine, 497.34, -2.09321, 0.1671877, 7.230802, 1, False, 0, 0,-0.3731422,-0.01091487,2.788396,2.813273
185, torque, StraightLine, 497.36, -2.101197, 0.1671877, 7.288308, 1, False, 0, 0,-0.3188216,0.00658397,2.865506,2.883195
186, torque, StraightLine, 497.38, -2.108229, 0.1671877, 7.346908, 1, False, 0, 0,-0.2926407,-0.008540076,2.911355,2.926038
187, torque, StraightLine, 497.4, -2.114336, 0.1671877, 7.406533, 1, False, 0, 0,-0.2547161,-0.004388576,2.960485,2.971426
188, torque, StraightLine, 497.42, -2.119527, 0.1671877, 7.467275, 1, False, 0, 0,-0.2197996,0.0088323,3.001884,3.009933
189, torque, StraightLine, 497.44, -2.123833, 0.1671877, 7.529081, 2, False, 0, 0,-0.1779726,0.005281774,3.062857,3.068028
190, torque, StraightLine, 497.46, -2.12729, 0.1671877, 7.591843, 2, False, 0, 0,-0.1591364,0.01770038,3.099952,3.104085
191, torque, StraightLine, 497.48, -2.129932, 0.1671877, 7.6555, 2, False, 0, 0,-0.1164838,0.01417581,3.134351,3.136547
192, torque, StraightLine, 497.5, -2.131807, 0.1671877, 7.71987, 2, False, 0, 0,-0.05759337,0.008014958,3.187262,3.187792
193, torque, StraightLine, 497.52, -2.132965, 0.1671877, 7.784739, 2, False, 0, 0,-0.01928674,0.01300095,3.195181,3.195266
194, torque, StraightLine, 497.54, -2.133439, 0.1671877, 7.849977, 2, False, 0, 0,0.03021231,0.006673425,3.242557,3.242705
195, torque, StraightLine, 497.56, -2.133243, 0.1671877, 7.915556, 2, False, 0, 0,0.06358375,0.003674019,3.25162,3.252243
196, torque, StraightLine, 497.58, -2.132398, 0.1671877, 7.981378, 2, False, 0, 0,0.1064528,0.004502624,3.263359,3.265098
197, torque, StraightLine, 497.6, -2.130909, 0.1671877, 8.047421, 2, False, 0, 0,0.1487476,0.005188454,3.270563,3.273948
198, torque, StraightLine, 497.62, -2.128785, 0.1671877, 8.113625, 2, False, 0, 0,0.1926805,0.002560499,3.266911,3.272589
199, torque, StraightLine, 497.64, -2.126026, 0.1671877, 8.179955, 2, False, 0, 0,0.2171637,0.005570134,3.275095,3.282292
200, torque, StraightLine, 497.66, -2.122641, 0.1671876, 8.24633, 2, False, 0, 0,0.2669588,-0.006853802,3.281393,3.292241
201, torque, StraightLine, 497.68, -2.118623, 0.1671876, 8.31274, 2, False, 0, 0,0.3063096,-0.00923187,3.287261,3.301515
202, torque, StraightLine, 497.7, -2.113989, 0.1671876, 8.379047, 2, False, 0, 0,0.3423068,-0.008766699,3.281393,3.299211
203, torque, StraightLine, 497.72, -2.108728, 0.1671876, 8.445248, 2, False, 0, 0,0.3915658,-0.01928115,3.280583,3.303925
204, torque, StraightLine, 497.74, -2.10285, 0.1671876, 8.511251, 2, False, 0, 0,0.4149094,-0.00786021,3.271374,3.29759
205, torque, StraightLine, 497.76, -2.096345, 0.1671876, 8.577044, 2, False, 0, 0,0.4484971,-0.01234494,3.261927,3.292639
206, torque, StraightLine, 497.78, -2.089182, 0.1671876, 8.642684, 2, False, 0, 0,0.4765387,-0.01267149,3.240806,3.275679
207, torque, StraightLine, 497.8, -2.08135, 0.1671876, 8.708166, 2, False, 0, 0,0.5109256,-0.01247018,3.236212,3.276319
208, torque, StraightLine, 497.82, -2.07282, 0.1671876, 8.773525, 2, False, 0, 0,0.5495468,-0.01737834,3.240267,3.286584
209, torque, StraightLine, 497.84, -2.063565, 0.1671875, 8.8388, 2, False, 0, 0,0.5780714,-0.009390482,3.220274,3.271761
210, torque, StraightLine, 497.86, -2.053571, 0.1671875, 8.903977, 2, False, 0, 0,0.6135616,-0.009577767,3.216937,3.27494
211, torque, StraightLine, 497.88, -2.042797, 0.1671875, 8.969118, 2, False, 0, 0,0.6520814,-0.00762166,3.210973,3.276525
212, torque, StraightLine, 497.9, -2.031232, 0.1671875, 9.034204, 2, False, 0, 0,0.6886612,-0.005555688,3.202268,3.275485
213, torque, StraightLine, 497.92, -2.018849, 0.1671875, 9.099257, 2, False, 0, 0,0.687166,0.01118798,3.237595,3.309735
214, torque, StraightLine, 497.94, -2.005611, 0.1671875, 9.16431, 2, False, 0, 0,0.770609,0.003042826,3.197551,3.289101
215, torque, StraightLine, 497.96, -1.991466, 0.1671875, 9.229438, 2, False, 0, 0,0.8137047,0.01042462,3.207395,3.309019
216, torque, StraightLine, 497.98, -1.97636, 0.1671875, 9.294708, 2, False, 0, 0,0.854437,0.01652553,3.214933,3.32658
217, torque, StraightLine, 498, -1.960285, 0.1671875, 9.360082, 2, False, 0, 0,0.9036835,0.01179021,3.208651,3.3335
218, torque, StraightLine, 498.02, -1.9432, 0.1671875, 9.425591, 2, False, 0, 0,0.9271708,0.0235031,3.236355,3.366629
219, torque, StraightLine, 498.04, -1.925073, 0.1671875, 9.491241, 2, False, 0, 0,0.999672,0.02243559,3.227099,3.378464
220, torque, StraightLine, 498.06, -1.905901, 0.1671874, 9.556988, 2, False, 0, 0,1.04067,0.02692693,3.22499,3.388847
221, torque, StraightLine, 498.08, -1.885668, 0.1671874, 9.622807, 2, False, 0, 0,1.100072,0.02837548,3.230821,3.413087
222, torque, StraightLine, 498.1, -1.86437, 0.1671874, 9.688656, 2, False, 0, 0,1.150084,0.03668893,3.23874,3.437074
223, torque, StraightLine, 498.12, -1.841946, 0.1671874, 9.754588, 2, False, 0, 0,1.176008,0.07164634,3.26572,3.471751
224, torque, StraightLine, 498.14, -1.818375, 0.1671874, 9.820593, 2, False, 0, 0,1.267486,0.04017176,3.238693,3.478112
225, torque, StraightLine, 498.16, -1.793647, 0.1671874, 9.886638, 2, False, 0, 0,1.303556,0.04283775,3.240806,3.493411
226, torque, StraightLine, 498.18, -1.767764, 0.1671874, 9.952677, 2, False, 0, 0,1.370652,0.02658636,3.243893,3.521681
227, torque, StraightLine, 498.2, -1.740796, 0.1671874, 10.01857, 2, False, 0, 0,1.390869,0.06479008,3.264313,3.548867
228, torque, StraightLine, 498.22, -1.71273, 0.1671874, 10.08431, 2, False, 0, 0,1.47028,0.06309547,3.259956,3.576733
229, torque, StraightLine, 498.24, -1.683617, 0.1671874, 10.14981, 2, False, 0, 0,1.525364,0.03275286,3.237977,3.579428
230, torque, StraightLine, 498.26, -1.65347, 0.1671874, 10.21505, 2, False, 0, 0,1.565613,0.01489742,3.214504,3.575528
231, torque, StraightLine, 498.28, -1.622362, 0.1671874, 10.27995, 2, False, 0, 0,1.614704,0.015625,3.203792,3.587729
232, torque, StraightLine, 498.3, -1.590314, 0.1671874, 10.3445, 2, False, 0, 0,1.649505,0.01925095,3.198235,3.598603
233, torque, StraightLine, 498.32, -1.557431, 0.1671874, 10.4086, 2, False, 0, 0,1.696666,0.07468989,3.213073,3.634294
234, torque, StraightLine, 498.34, -1.523843, 0.1671874, 10.47213, 2, False, 0, 0,1.721269,0.0167802,3.141435,3.582131
235, torque, StraightLine, 498.36, -1.489663, 0.1671874, 10.53498, 2, False, 0, 0,1.738991,0.01500477,3.114933,3.567509
236, torque, StraightLine, 498.38, -1.454908, 0.1671874, 10.59717, 2, False, 0, 0,1.775704,0.004615935,3.082872,3.557702
237, torque, StraightLine, 498.4, -1.419628, 0.1671874, 10.6587, 2, False, 0, 0,1.790504,0.01948361,3.05283,3.539216
238, torque, StraightLine, 498.42, -1.383841, 0.1671874, 10.71959, 2, False, 0, 0,1.828644,0.06125954,3.06355,3.568337
239, torque, StraightLine, 498.44, -1.347635, 0.1671874, 10.77979, 2, False, 0, 0,1.827059,0.02101991,3.002525,3.514789
240, torque, StraightLine, 498.46, -1.311105, 0.1671874, 10.83923, 2, False, 0, 0,1.85597,0.04756679,2.983826,3.514272
241, torque, StraightLine, 498.48, -1.274323, 0.1671874, 10.89787, 2, False, 0, 0,1.861617,0.0161021,2.920611,3.463502
242, torque, StraightLine, 498.5, -1.237296, 0.1671874, 10.95577, 2, False, 0, 0,1.858136,0.02427115,2.887815,3.434055
243, torque, StraightLine, 498.52, -1.200087, 0.1671874, 11.01288, 2, False, 0, 0,1.866245,0.04078006,2.868893,3.42273
244, torque, StraightLine, 498.54, -1.162752, 0.1671874, 11.06921, 2, False, 0, 0,1.870974,0.02186307,2.821183,3.385277
245, torque, StraightLine, 498.56, -1.125327, 0.1671874, 11.12474, 2, False, 0, 0,1.874262,0.009229707,2.772771,3.346819
246, torque, StraightLine, 498.58, -1.087811, 0.1671874, 11.17953, 2, False, 0, 0,1.87749,0.01865458,2.749428,3.329365
247, torque, StraightLine, 498.6, -1.0502, 0.1671874, 11.23362, 2, False, 0, 0,1.874735,0.01071088,2.71584,3.30008
248, torque, StraightLine, 498.62, -1.012496, 0.1671874, 11.28706, 2, False, 0, 0,1.848782,0.02262767,2.692168,3.265927
249, torque, StraightLine, 498.64, -0.9747213, 0.1671874, 11.33986, 2, False, 0, 0,1.87927,0.008826336,2.670181,3.265211
250, torque, StraightLine, 498.66, -0.9368579, 0.1671874, 11.39211, 2, False, 0, 0,1.863773,0.005514005,2.640435,3.231961
251, torque, StraightLine, 498.68, -0.8989192, 0.1671874, 11.44384, 2, False, 0, 0,1.870497,-0.005033397,2.621469,3.220386
252, torque, StraightLine, 498.7, -0.8609023, 0.1671874, 11.49511, 2, False, 0, 0,1.865771,-0.01090172,2.603769,3.203254
253, torque, StraightLine, 498.72, -0.8228064, 0.1671874, 11.54598, 3, False, 0, 0,1.861575,-0.0240806,2.600086,3.197888
254, torque, StraightLine, 498.74, -0.7838616, 0.1671874, 11.5974, 3, False, 0, 0,1.903536,-0.0151479,2.624952,3.242538
255, torque, StraightLine, 498.76, -0.7441431, 0.1671874, 11.64934, 3, False, 0, 0,1.941028,-0.01304866,2.658874,3.292016
256, torque, StraightLine, 498.78, -0.7044976, 0.1671874, 11.7009, 3, False, 0, 0,1.931703,-0.01874524,2.637243,3.269079
257, torque, StraightLine, 498.8, -0.6649438, 0.1671874, 11.75211, 3, False, 0, 0,1.913415,-0.02789838,2.625334,3.248741
258, torque, StraightLine, 498.82, -0.6254922, 0.1671874, 11.80303, 3, False, 0, 0,1.9144,-0.05979246,2.63812,3.260089
259, torque, StraightLine, 498.84, -0.5861374, 0.1671874, 11.85372, 3, False, 0, 0,1.90093,-0.009217797,2.597275,3.218611
260, torque, StraightLine, 498.86, -0.5468839, 0.1671874, 11.90424, 3, False, 0, 0,1.900537,-0.005701336,2.589742,3.212295
261, torque, StraightLine, 498.88, -0.5077542, 0.1671874, 11.95463, 3, False, 0, 0,1.89403,-0.01205868,2.581393,3.201732
262, torque, StraightLine, 498.9, -0.4687293, 0.1671874, 12.00496, 3, False, 0, 0,1.88327,-0.01420779,2.574362,3.189709
263, torque, StraightLine, 498.92, -0.4298115, 0.1671874, 12.0553, 3, False, 0, 0,1.88398,-0.02353292,2.581059,3.195591
264, torque, StraightLine, 498.94, -0.3910211, 0.1671874, 12.10568, 3, False, 0, 0,1.870345,-0.003132146,2.577506,3.184609
265, torque, StraightLine, 498.96, -0.3523833, 0.1671874, 12.15611, 3, False, 0, 0,1.870257,-0.01569656,2.589742,3.194507
266, torque, StraightLine, 498.98, -0.3139028, 0.1671874, 12.20664, 3, False, 0, 0,1.854343,-0.01415792,2.581393,3.178424
267, torque, StraightLine, 499, -0.2755817, 0.1671874, 12.25733, 3, False, 0, 0,1.843241,-0.009729897,2.58065,3.171338
268, torque, StraightLine, 499.02, -0.2374463, 0.1671874, 12.30819, 3, False, 0, 0,1.859733,-0.0008229962,2.588645,3.187427
269, torque, StraightLine, 499.04, -0.199498, 0.1671874, 12.35927, 3, False, 0, 0,1.826996,0.0009064886,2.613168,3.188505
270, torque, StraightLine, 499.06, -0.1617591, 0.1671874, 12.41059, 3, False, 0, 0,1.811265,0.00135766,2.62338,3.187916
271, torque, StraightLine, 499.08, -0.1242414, 0.1671874, 12.46217, 3, False, 0, 0,1.805593,-0.002468989,2.636927,3.195866
272, torque, StraightLine, 499.1, -0.08697017, 0.1671874, 12.51403, 3, False, 0, 0,1.79135,-0.007049141,2.645849,3.195231
273, torque, StraightLine, 499.12, -0.04992731, 0.1671874, 12.56625, 3, False, 0, 0,1.808415,-0.01277868,2.655726,3.213006
274, torque, StraightLine, 499.14, -0.0131246, 0.1671874, 12.61885, 3, False, 0, 0,1.7584,-0.002826813,2.681154,3.206332
275, torque, StraightLine, 499.16, 0.02341142, 0.1671874, 12.67184, 3, False, 0, 0,1.742574,-0.003930069,2.700029,3.213524
276, torque, StraightLine, 499.18, 0.05967641, 0.1671874, 12.72524, 3, False, 0, 0,1.736302,-0.001920324,2.722328,3.228904
277, torque, StraightLine, 499.2, 0.09564441, 0.1671874, 12.77907, 3, False, 0, 0,1.720892,-0.002099237,2.744752,3.23962
278, torque, StraightLine, 499.22, 0.1313358, 0.1671874, 12.8334, 3, False, 0, 0,1.729161,-0.01220703,2.765149,3.261318
279, torque, StraightLine, 499.24, 0.1668075, 0.1671874, 12.8884, 3, False, 0, 0,1.694839,-0.01186784,2.79709,3.270525
280, torque, StraightLine, 499.26, 0.2020352, 0.1671874, 12.94407, 3, False, 0, 0,1.678949,-0.01537452,2.828006,3.288879
281, torque, StraightLine, 499.28, 0.2369862, 0.1671874, 13.0004, 3, False, 0, 0,1.65745,-0.01164729,2.855516,3.301704
282, torque, StraightLine, 499.3, 0.2716161, 0.1671874, 13.05733, 3, False, 0, 0,1.645283,-0.01802242,2.88459,3.320864
283, torque, StraightLine, 499.32, 0.3058962, 0.1671874, 13.11485, 3, False, 0, 0,1.637014,-0.01500477,2.913454,3.341894
284, torque, StraightLine, 499.34, 0.3398025, 0.1671874, 13.17295, 3, False, 0, 0,1.599081,-0.0107541,2.94355,3.349875
285, torque, StraightLine, 499.36, 0.3733151, 0.1671874, 13.23164, 3, False, 0, 0,1.578499,-0.01483779,2.973903,3.366894
286, torque, StraightLine, 499.38, 0.4064078, 0.1671874, 13.2909, 3, False, 0, 0,1.553086,-0.01626908,2.997567,3.376055
287, torque, StraightLine, 499.4, 0.4390649, 0.1671874, 13.35074, 3, False, 0, 0,1.527499,-0.01385051,3.020436,3.384742
288, torque, StraightLine, 499.42, 0.4712618, 0.1671874, 13.41114, 3, False, 0, 0,1.494015,-0.02329437,3.021374,3.370656
289, torque, StraightLine, 499.44, 0.5029601, 0.1671874, 13.47204, 3, False, 0, 0,1.47332,-0.009575076,3.066978,3.402516
290, torque, StraightLine, 499.46, 0.5341402, 0.1671874, 13.53344, 3, False, 0, 0,1.457583,-0.006929867,3.09084,3.417292
291, torque, StraightLine, 499.48, 0.5647831, 0.1671874, 13.59531, 3, False, 0, 0,1.435314,-0.006416985,3.116889,3.431496
292, torque, StraightLine, 499.5, 0.5948671, 0.1671874, 13.65764, 3, False, 0, 0,1.401855,-0.004882813,3.12862,3.428336
293, torque, StraightLine, 499.52, 0.6243765, 0.1671874, 13.72041, 3, False, 0, 0,1.377377,-0.007514313,3.130868,3.420462
294, torque, StraightLine, 499.54, 0.6532908, 0.1671874, 13.78357, 3, False, 0, 0,1.359026,-0.008552004,3.161927,3.441629
295, torque, StraightLine, 499.56, 0.6816013, 0.1671874, 13.84713, 3, False, 0, 0,1.340999,-0.007657679,3.183927,3.454813
296, torque, StraightLine, 499.58, 0.7093059, 0.1671874, 13.91106, 3, False, 0, 0,1.325587,-0.004413168,3.207204,3.470354
297, torque, StraightLine, 499.6, 0.7363935, 0.1671874, 13.97529, 3, False, 0, 0,1.29915,-0.005331584,3.208015,3.461095
298, torque, StraightLine, 499.62, 0.762871, 0.1671874, 14.03982, 3, False, 0, 0,1.293013,-0.0180545,3.201648,3.452935
299, torque, StraightLine, 499.64, 0.788728, 0.1671874, 14.10456, 3, False, 0, 0,1.251974,-0.01370468,3.23125,3.465343
300, torque, StraightLine, 499.66, 0.8139785, 0.1671874, 14.16948, 3, False, 0, 0,1.228105,-0.01145675,3.238043,3.463134
301, torque, StraightLine, 499.68, 0.8386329, 0.1671874, 14.23457, 3, False, 0, 0,1.208093,-0.01228531,3.251575,3.468771
302, torque, StraightLine, 499.7, 0.8627086, 0.1671874, 14.29981, 3, False, 0, 0,1.17907,-0.01541031,3.261021,3.467665
303, torque, StraightLine, 499.72, 0.8862159, 0.1671874, 14.36517, 3, False, 0, 0,1.159064,-0.02884432,3.256717,3.456944
304, torque, StraightLine, 499.74, 0.9091693, 0.1671874, 14.43061, 3, False, 0, 0,1.131998,-0.02901956,3.272471,3.46285
305, torque, StraightLine, 499.76, 0.9315892, 0.1671874, 14.49614, 3, False, 0, 0,1.075322,-0.9541031,3.362643,3.657048
306, torque, StraightLine, 499.78, 0.9534817, 0.1671874, 14.56168, 3, False, 0, 0,1.040792,-0.05074552,3.358803,3.516729
307, torque, StraightLine, 499.8, 0.9748576, 0.1671874, 14.62717, 3, False, 0, 0,1.032663,0.00634542,3.337739,3.493842
308, torque, StraightLine, 499.82, 0.9957197, 0.1671874, 14.69253, 3, False, 0, 0,1.013627,-0.02334208,3.372996,3.522086
309, torque, StraightLine, 499.84, 1.016075, 0.1671874, 14.75769, 3, False, 0, 0,1.008456,-0.02038872,3.271532,3.423495
310, torque, StraightLine, 499.86, 1.035949, 0.1671874, 14.82265, 3, False, 0, 0,0.9922352,-0.002063454,3.306918,3.45257
311, torque, StraightLine, 499.88, 1.05535, 0.1671874, 14.88737, 3, False, 0, 0,0.9708194,-0.01591126,3.276765,3.417592
312, torque, StraightLine, 499.9, 1.074301, 0.1671874, 14.95186, 3, False, 0, 0,0.9496356,-0.02154392,3.246427,3.382538
313, torque, StraightLine, 499.92, 1.092824, 0.1671874, 15.01613, 3, False, 0, 0,0.961832,-0.008528149,3.288168,3.425966
314, torque, StraightLine, 499.94, 1.110932, 0.1671874, 15.08014, 3, False, 0, 0,0.9166111,0.01300495,3.237471,3.364753
315, torque, StraightLine, 499.96, 1.128652, 0.1671874, 15.14395, 3, False, 0, 0,0.9006083,0.02767176,3.229485,3.352825
316, torque, StraightLine, 499.98, 1.146011, 0.1671874, 15.2076, 3, False, 0, 0,0.8695849,0.02206584,3.196803,3.313037
317, torque, StraightLine, 500, 1.163027, 0.1671874, 15.27109, 3, False, 0, 0,0.8573385,0.02007908,3.181069,3.294637
318, torque, StraightLine, 500.02, 1.179723, 0.1671874, 15.33447, 3, False, 0, 0,0.8484136,0.03504294,3.184971,3.296221
319, torque, StraightLine, 500.04, 1.196115, 0.1671874, 15.39777, 3, False, 0, 0,0.8060592,0.0141937,3.179103,3.27973
320, torque, StraightLine, 500.06, 1.212207, 0.1671874, 15.46094, 3, False, 0, 0,0.7731695,0.02053163,3.168064,3.261111
321, torque, StraightLine, 500.08, 1.227992, 0.1671874, 15.52397, 4, False, 0, 0,0.7543178,0.02229246,3.163597,3.252359
322, torque, StraightLine, 500.1, 1.243464, 0.1671874, 15.5868, 4, False, 0, 0,0.7282025,0.01495706,3.148521,3.231669
323, torque, StraightLine, 500.12, 1.258621, 0.1671874, 15.64944, 4, False, 0, 0,0.7246392,0.05799828,3.135814,3.218974
324, torque, StraightLine, 500.14, 1.273456, 0.1671874, 15.7119, 4, False, 0, 0,0.6750358,-0.002480916,3.141269,3.212981
325, torque, StraightLine, 500.16, 1.287951, 0.1671874, 15.77412, 4, False, 0, 0,0.6483423,0.009289254,3.121522,3.188156
326, torque, StraightLine, 500.18, 1.302097, 0.1671874, 15.8361, 4, False, 0, 0,0.6418297,0.0239146,3.116221,3.181722
327, torque, StraightLine, 500.2, 1.315882, 0.1671874, 15.89787, 4, False, 0, 0,0.6074249,0.0106751,3.102195,3.161122
328, torque, StraightLine, 500.22, 1.329286, 0.1671874, 15.95938, 4, False, 0, 0,0.5981326,0.02853468,3.094512,3.151917
329, torque, StraightLine, 500.24, 1.342294, 0.1671874, 16.02063, 4, False, 0, 0,0.5536081,0.01001908,3.081012,3.13037
330, torque, StraightLine, 500.26, 1.354894, 0.1671875, 16.08167, 4, False, 0, 0,0.5208194,0.008897901,3.071565,3.11542
331, torque, StraightLine, 500.28, 1.367068, 0.1671875, 16.14251, 4, False, 0, 0,0.5030667,0.01195694,3.056307,3.097456
332, torque, StraightLine, 500.3, 1.3788, 0.1671875, 16.20315, 4, False, 0, 0,0.4680761,0.006220181,3.050668,3.086375
333, torque, StraightLine, 500.32, 1.390076, 0.1671875, 16.26364, 4, False, 0, 0,0.4382097,0.008432729,3.045515,3.076892
334, torque, StraightLine, 500.34, 1.40088, 0.1671875, 16.32405, 4, False, 0, 0,0.4120379,-0.002989234,3.031536,3.059411
335, torque, StraightLine, 500.36, 1.411198, 0.1671875, 16.38445, 4, False, 0, 0,0.3875656,-0.004800811,3.031679,3.056356
336, torque, StraightLine, 500.38, 1.421009, 0.1671875, 16.44484, 4, False, 0, 0,0.3585878,-0.007800573,3.028531,3.049696
337, torque, StraightLine, 500.4, 1.430295, 0.1671875, 16.50523, 4, False, 0, 0,0.3289944,-0.009795398,3.023723,3.041584
338, torque, StraightLine, 500.42, 1.439039, 0.1671875, 16.56564, 4, False, 0, 0,0.3028507,-0.01867247,3.035973,3.051098
339, torque, StraightLine, 500.44, 1.447219, 0.1671875, 16.62617, 4, False, 0, 0,0.2734554,-0.009324981,3.034489,3.0468
340, torque, StraightLine, 500.46, 1.454817, 0.1671875, 16.68681, 4, False, 0, 0,0.2472149,-0.008444657,3.043607,3.053642
341, torque, StraightLine, 500.48, 1.461817, 0.1671876, 16.74751, 4, False, 0, 0,0.2186128,-0.004949905,3.043321,3.051167
342, torque, StraightLine, 500.5, 1.468203, 0.1671876, 16.80822, 4, False, 0, 0,0.188292,-0.002310404,3.036014,3.041848
343, torque, StraightLine, 500.52, 1.47396, 0.1671876, 16.86893, 4, False, 0, 0,0.1661975,-0.002027672,3.036641,3.041186
344, torque, StraightLine, 500.54, 1.479077, 0.1671876, 16.92956, 4, False, 0, 0,0.1194835,0.005116889,3.028817,3.031177
345, torque, StraightLine, 500.56, 1.48354, 0.1671876, 16.99013, 4, False, 0, 0,0.08545517,0.01011099,3.016959,3.018186
346, torque, StraightLine, 500.58, 1.487335, 0.1671876, 17.05064, 4, False, 0, 0,0.05046517,0.01600668,3.017462,3.017926
347, torque, StraightLine, 500.6, 1.490451, 0.1671876, 17.11109, 4, False, 0, 0,0.01506441,0.01966245,3.013359,3.013461
348, torque, StraightLine, 500.62, 1.49287, 0.1671876, 17.1715, 4, False, 0, 0,-0.01957293,0.0297792,3.006288,3.006499
349, torque, StraightLine, 500.64, 1.494567, 0.1671876, 17.23197, 4, False, 0, 0,-0.06200501,0.007138597,3.008492,3.00914
350, torque, StraightLine, 500.66, 1.495532, 0.1671876, 17.29248, 4, False, 0, 0,-0.09788848,0.0197218,3.003144,3.004804
351, torque, StraightLine, 500.68, 1.495737, 0.1671876, 17.35312, 4, False, 0, 0,-0.1424141,0.01180224,3.014408,3.017794
352, torque, StraightLine, 500.7, 1.495134, 0.1671876, 17.41407, 4, False, 0, 0,-0.1824368,0.01063931,3.031011,3.036515
353, torque, StraightLine, 500.72, 1.493683, 0.1671876, 17.47544, 4, False, 0, 0,-0.2310225,0.01620856,3.042969,3.051769
354, torque, StraightLine, 500.74, 1.491408, 0.1671876, 17.5371, 4, False, 0, 0,-0.2360687,0.001735448,3.058874,3.067971
355, torque, StraightLine, 500.76, 1.488311, 0.1671876, 17.59903, 4, False, 0, 0,-0.2633051,-0.001812977,3.06937,3.080644
356, torque, StraightLine, 500.78, 1.484355, 0.1671876, 17.66139, 4, False, 0, 0,-0.3021985,-0.01702434,3.061261,3.076188
357, torque, StraightLine, 500.8, 1.479555, 0.1671876, 17.72416, 4, False, 0, 0,-0.342593,0.003405296,3.113645,3.132438
358, torque, StraightLine, 500.82, 1.473867, 0.1671876, 17.78752, 4, False, 0, 0,-0.3989146,0.01334089,3.118702,3.14414
359, torque, StraightLine, 500.84, 1.467247, 0.1671876, 17.85168, 4, False, 0, 0,-0.4001227,-0.005377049,3.171589,3.196733
360, torque, StraightLine, 500.86, 1.459721, 0.1671876, 17.91658, 4, False, 0, 0,-0.4323175,-0.01594108,3.21355,3.242538
361, torque, StraightLine, 500.88, 1.451256, 0.1671876, 17.9824, 4, False, 0, 0,-0.4848581,-0.00809876,3.25229,3.288243
362, torque, StraightLine, 500.9, 1.441803, 0.1671876, 18.04934, 4, False, 0, 0,-0.4990294,-0.01368378,3.320503,3.35782
363, torque, StraightLine, 500.92, 1.431405, 0.1671876, 18.11733, 4, False, 0, 0,-0.5300573,-0.02613311,3.37605,3.417507
364, torque, StraightLine, 500.94, 1.42007, 0.1671876, 18.18645, 4, False, 0, 0,-0.5717773,-0.01080173,3.44112,3.488317
365, torque, StraightLine, 500.96, 1.407855, 0.1671876, 18.25663, 4, False, 0, 0,-0.5910365,-0.01134303,3.511641,3.56105
366, torque, StraightLine, 500.98, 1.39483, 0.1671876, 18.32777, 4, False, 0, 0,-0.6158516,-0.001395515,3.564313,3.617126
367, torque, StraightLine, 501, 1.38106, 0.1671876, 18.39982, 4, False, 0, 0,-0.6535585,-0.007359947,3.594036,3.652983
368, torque, StraightLine, 501.02, 1.366639, 0.1671876, 18.47264, 4, False, 0, 0,-0.6499463,-0.01077648,3.648092,3.705552
369, torque, StraightLine, 501.04, 1.351658, 0.1671876, 18.54613, 4, False, 0, 0,-0.6795563,-0.006530296,3.678912,3.741154
370, torque, StraightLine, 501.06, 1.336185, 0.1671876, 18.62023, 4, False, 0, 0,-0.7059832,-0.003900295,3.701029,3.767764
371, torque, StraightLine, 501.08, 1.320307, 0.1671876, 18.69487, 4, False, 0, 0,-0.7209446,0.004228292,3.736928,3.805838
372, torque, StraightLine, 501.1, 1.304134, 0.1671876, 18.76987, 4, False, 0, 0,-0.7196326,0.01027553,3.759733,3.827998
373, torque, StraightLine, 501.12, 1.28773, 0.1671876, 18.84521, 4, False, 0, 0,-0.7120867,0.02453911,3.761909,3.82879
374, torque, StraightLine, 501.14, 1.271208, 0.1671876, 18.9207, 4, False, 0, 0,-0.7140983,0.01557133,3.786641,3.853418
375, torque, StraightLine, 501.16, 1.254657, 0.1671876, 18.99619, 4, False, 0, 0,-0.7097644,0.01726848,3.783537,3.849573
376, torque, StraightLine, 501.18, 1.238133, 0.1671876, 19.07171, 4, False, 0, 0,-0.6981512,0.04762643,3.809256,3.872998
377, torque, StraightLine, 501.2, 1.221715, 0.1671876, 19.14713, 4, False, 0, 0,-0.6944358,0.01841603,3.783492,3.846738
378, torque, StraightLine, 501.22, 1.205452, 0.1671876, 19.22247, 4, False, 0, 0,-0.6475384,0.04174805,3.777534,3.83286
379, torque, StraightLine, 501.24, 1.189413, 0.1671876, 19.29761, 4, False, 0, 0,-0.6648915,0.02919847,3.772042,3.830305
380, torque, StraightLine, 501.26, 1.173658, 0.1671876, 19.37247, 4, False, 0, 0,-0.6464277,0.02735568,3.758874,3.814151
381, torque, StraightLine, 501.28, 1.158242, 0.1671876, 19.44693, 4, False, 0, 0,-0.635897,0.02556331,3.730183,3.784083
382, torque, StraightLine, 501.3, 1.143196, 0.1671876, 19.52103, 4, False, 0, 0,-0.6152374,0.02474356,3.718702,3.769334
383, torque, StraightLine, 501.32, 1.128561, 0.1671876, 19.5947, 5, False, 0, 0,-0.5946744,0.06676407,3.700763,3.748832
384, torque, StraightLine, 501.34, 1.114359, 0.1671876, 19.66793, 5, False, 0, 0,-0.5854254,0.0647449,3.664253,3.711289
385, torque, StraightLine, 501.36, 1.100604, 0.1671876, 19.74074, 5, False, 0, 0,-0.5961474,0.02969943,3.644561,3.693115
386, torque, StraightLine, 501.38, 1.087304, 0.1671876, 19.81315, 5, False, 0, 0,-0.5766579,0.02972925,3.622519,3.668251
387, torque, StraightLine, 501.4, 1.074465, 0.1671876, 19.88517, 5, False, 0, 0,-0.5641137,0.02788562,3.604516,3.648498
388, torque, StraightLine, 501.42, 1.062084, 0.1671876, 19.95681, 5, False, 0, 0,-0.5296696,0.05099595,3.589504,3.628731
389, torque, StraightLine, 501.44, 1.050165, 0.1671876, 20.02804, 5, False, 0, 0,-0.5304759,0.01731612,3.551639,3.591078
390, torque, StraightLine, 501.46, 1.038698, 0.1671876, 20.09888, 5, False, 0, 0,-0.5181298,0.005170563,3.537405,3.575153
391, torque, StraightLine, 501.48, 1.027679, 0.1671876, 20.16933, 5, False, 0, 0,-0.4979544,0.008158397,3.523378,3.558401
392, torque, StraightLine, 501.5, 1.017095, 0.1671876, 20.23941, 5, False, 0, 0,-0.4831067,0.01154607,3.503049,3.536224
393, torque, StraightLine, 501.52, 1.00694, 0.1671876, 20.30907, 5, False, 0, 0,-0.4466424,0.01438454,3.486069,3.514594
394, torque, StraightLine, 501.54, 0.9972013, 0.1671876, 20.37831, 5, False, 0, 0,-0.4286558,0.0004055343,3.455439,3.481925
395, torque, StraightLine, 501.56, 0.987866, 0.1671876, 20.44715, 5, False, 0, 0,-0.4240127,-0.003834794,3.438739,3.464783
396, torque, StraightLine, 501.58, 0.9789193, 0.1671876, 20.51563, 5, False, 0, 0,-0.4113281,-0.0002862595,3.42834,3.452927
397, torque, StraightLine, 501.6, 0.9703474, 0.1671876, 20.58374, 5, False, 0, 0,-0.4241442,0.003381441,3.401718,3.42806
398, torque, StraightLine, 501.62, 0.9621366, 0.1671876, 20.65148, 5, False, 0, 0,-0.3687357,-0.006502477,3.383861,3.403898
399, torque, StraightLine, 501.64, 0.9542732, 0.1671876, 20.71885, 5, False, 0, 0,-0.3748062,-0.005343511,3.37834,3.399072
400, torque, StraightLine, 501.66, 0.9467437, 0.1671876, 20.78584, 5, False, 0, 0,-0.3565495,-0.002316358,3.356421,3.375307
401, torque, StraightLine, 501.68, 0.9395334, 0.1671876, 20.85247, 5, False, 0, 0,-0.3391818,-0.01009065,3.341603,3.358788
402, torque, StraightLine, 501.7, 0.9326268, 0.1671876, 20.91879, 5, False, 0, 0,-0.3202648,-0.01731274,3.326145,3.341573
403, torque, StraightLine, 501.72, 0.9260101, 0.1671876, 20.98482, 5, False, 0, 0,-0.2978307,-0.02668278,3.323457,3.336882
404, torque, StraightLine, 501.74, 0.9196697, 0.1671876, 21.05057, 5, False, 0, 0,-0.3105111,-0.006130725,3.295515,3.310117
405, torque, StraightLine, 501.76, 0.9135937, 0.1671876, 21.11602, 5, False, 0, 0,-0.2952946,-0.01081226,3.286737,3.299993
406, torque, StraightLine, 501.78, 0.9077692, 0.1671876, 21.18118, 5, False, 0, 0,-0.278231,-0.008407965,3.258289,3.270157
407, torque, StraightLine, 501.8, 0.9021838, 0.1671876, 21.24608, 5, False, 0, 0,-0.2781459,-0.01111641,3.256298,3.268174
408, torque, StraightLine, 501.82, 0.8968256, 0.1671876, 21.31072, 5, False, 0, 0,-0.2753787,-0.0138001,3.259351,3.270993
409, torque, StraightLine, 501.84, 0.8916813, 0.1671876, 21.37518, 5, False, 0, 0,-0.2599502,-0.005412776,3.23447,3.244904
410, torque, StraightLine, 501.86, 0.8867399, 0.1671876, 21.43947, 5, False, 0, 0,-0.2672293,-0.01461116,3.228721,3.239794
411, torque, StraightLine, 501.88, 0.8819892, 0.1671876, 21.50366, 5, False, 0, 0,-0.2360538,-0.02549499,3.216794,3.225544
412, torque, StraightLine, 501.9, 0.8774193, 0.1671876, 21.56775, 5, False, 0, 0,-0.2365812,-0.01689334,3.223418,3.232133
413, torque, StraightLine, 501.92, 0.8730192, 0.1671876, 21.63181, 5, False, 0, 0,-0.2354008,-0.02304986,3.220706,3.22938
414, torque, StraightLine, 501.94, 0.8687779, 0.1671876, 21.6959, 5, False, 0, 0,-0.2256544,-0.0153094,3.211033,3.218988
415, torque, StraightLine, 501.96, 0.864687, 0.1671876, 21.76004, 5, False, 0, 0,-0.2196177,-0.02006202,3.216889,3.22444
416, torque, StraightLine, 501.98, 0.8607337, 0.1671876, 21.82438, 5, False, 0, 0,-0.2108152,-0.02019322,3.226431,3.233374
417, torque, StraightLine, 502, 0.8569109, 0.1671876, 21.88892, 5, False, 0, 0,-0.2093774,-0.01816168,3.225419,3.232259
418, torque, StraightLine, 502.02, 0.853208, 0.1671876, 21.95377, 5, False, 0, 0,-0.2200918,-0.03989146,3.251908,3.259592
419, torque, StraightLine, 502.04, 0.849619, 0.1671876, 22.01889, 5, False, 0, 0,-0.194072,-0.03188216,3.26126,3.267184
420, torque, StraightLine, 502.06, 0.8461379, 0.1671876, 22.08428, 5, False, 0, 0,-0.1920196,-0.03815144,3.263815,3.269681
421, torque, StraightLine, 502.08, 0.8427577, 0.1671876, 22.14994, 5, False, 0, 0,-0.1927541,-0.02528029,3.289217,3.294957
422, torque, StraightLine, 502.1, 0.8394729, 0.1671876, 22.21587, 5, False, 0, 0,-0.1895187,-0.02755248,3.299809,3.305362
423, torque, StraightLine, 502.12, 0.8362759, 0.1671876, 22.28214, 5, False, 0, 0,-0.2169666,-0.04964391,3.31936,3.326813
424, torque, StraightLine, 502.14, 0.833159, 0.1671876, 22.34884, 5, False, 0, 0,-0.1881471,-0.03822161,3.337595,3.343113
425, torque, StraightLine, 502.16, 0.8301161, 0.1671876, 22.416, 5, False, 0, 0,-0.1834538,-0.04499929,3.349181,3.354503
426, torque, StraightLine, 502.18, 0.8271431, 0.1671876, 22.48361, 5, False, 0, 0,-0.1738222,-0.04661856,3.379294,3.384083
427, torque, StraightLine, 502.2, 0.8242362, 0.1671876, 22.55164, 5, False, 0, 0,-0.1839397,-0.03986164,3.402672,3.407873
428, torque, StraightLine, 502.22, 0.8213916, 0.1671876, 22.62006, 5, False, 0, 0,-0.2066382,-0.1029321,3.42178,3.429558
429, torque, StraightLine, 502.24, 0.8186067, 0.1671876, 22.6888, 5, False, 0, 0,-0.1652254,-0.04252743,3.450763,3.454978
430, torque, StraightLine, 502.26, 0.8158794, 0.1671876, 22.75781, 5, False, 0, 0,-0.1612357,-0.05439528,3.451908,3.4561
431, torque, StraightLine, 502.28, 0.8132064, 0.1671876, 22.82707, 5, False, 0, 0,-0.1679836,-0.04939382,3.467511,3.471929
432, torque, StraightLine, 502.3, 0.8105868, 0.1671876, 22.89648, 5, False, 0, 0,-0.1883528,-0.1067808,3.477958,3.484691
433, torque, StraightLine, 502.32, 0.8080201, 0.1671876, 22.96591, 5, False, 0, 0,-0.1895605,-0.08760139,3.487309,3.493556
434, torque, StraightLine, 502.34, 0.8055048, 0.1671876, 23.03531, 5, False, 0, 0,-0.1604212,-0.04904845,3.476563,3.480607
435, torque, StraightLine, 502.36, 0.8030388, 0.1671876, 23.10465, 5, False, 0, 0,-0.1599565,-0.06023974,3.471851,3.476056
436, torque, StraightLine, 502.38, 0.8006193, 0.1671876, 23.17392, 5, False, 0, 0,-0.1432878,-0.07740935,3.461832,3.465661
437, torque, StraightLine, 502.4, 0.7982447, 0.1671876, 23.24309, 5, False, 0, 0,-0.1635683,-0.05286538,3.459413,3.463681
438, torque, StraightLine, 502.42, 0.7959124, 0.1671876, 23.31216, 5, False, 0, 0,-0.226476,-0.1141281,3.541889,3.550957
439, torque, StraightLine, 502.44, 0.7936204, 0.1671876, 23.38111, 5, False, 0, 0,-0.1440162,-0.05200195,3.454935,3.458327
440, torque, StraightLine, 502.46, 0.7913663, 0.1671876, 23.44997, 5, False, 0, 0,-0.1512762,-0.05742486,3.447805,3.4516
441, torque, StraightLine, 502.48, 0.7891467, 0.1671876, 23.51877, 5, False, 0, 0,-0.1357168,-0.0517772,3.453531,3.456584
442, torque, StraightLine, 502.5, 0.7869596, 0.1671876, 23.58753, 6, False, 0, 0,-0.1308177,-0.05350253,3.448742,3.451637
443, torque, StraightLine, 502.52, 0.7847997, 0.1671876, 23.65637, 6, False, 0, 0,-0.1931626,-0.1053495,3.546756,3.553574
444, torque, StraightLine, 502.54, 0.7826622, 0.1671876, 23.72544, 6, False, 0, 0,-0.1194984,-0.03923545,3.484828,3.487097
445, torque, StraightLine, 502.56, 0.7805457, 0.1671876, 23.79471, 6, False, 0, 0,-0.1217249,-0.03422137,3.483613,3.485907
446, torque, StraightLine, 502.58, 0.7784469, 0.1671876, 23.86426, 6, False, 0, 0,-0.113824,-0.02635377,3.51145,3.513393
447, torque, StraightLine, 502.6, 0.7763647, 0.1671876, 23.93408, 6, False, 0, 0,-0.1091871,-0.02470778,3.528531,3.530306
448, torque, StraightLine, 502.62, 0.7742956, 0.1671876, 24.00425, 6, False, 0, 0,-0.1228325,-0.03004121,3.584508,3.586738
449, torque, StraightLine, 502.64, 0.7722368, 0.1671876, 24.07483, 6, False, 0, 0,-0.1052541,-0.01768846,3.566317,3.567914
450, torque, StraightLine, 502.66, 0.7701878, 0.1671876, 24.1458, 6, False, 0, 0,-0.1056176,-0.01246308,3.575838,3.57742
451, torque, StraightLine, 502.68, 0.7681449, 0.1671876, 24.21725, 6, False, 0, 0,-0.1059339,-0.009446565,3.607252,3.608819
452, torque, StraightLine, 502.7, 0.7661059, 0.1671876, 24.28924, 6, False, 0, 0,-0.1036051,-0.003679628,3.639027,3.640503
453, torque, StraightLine, 502.72, 0.7640707, 0.1671876, 24.36173, 6, False, 0, 0,-0.1188608,-0.007109852,3.726182,3.728084
454, torque, StraightLine, 502.74, 0.7620347, 0.1671876, 24.43487, 6, False, 0, 0,-0.0888001,0.0003578244,3.672042,3.673115
455, torque, StraightLine, 502.76, 0.759998, 0.1671876, 24.50861, 6, False, 0, 0,-0.1051169,0.0004532443,3.741412,3.742888
456, torque, StraightLine, 502.78, 0.7579573, 0.1671876, 24.58306, 6, False, 0, 0,-0.1083478,0.0003453697,3.744855,3.746422
457, torque, StraightLine, 502.8, 0.7559109, 0.1671876, 24.65825, 6, False, 0, 0,-0.1104902,-0.003041508,3.784446,3.78606
458, torque, StraightLine, 502.82, 0.7538592, 0.1671876, 24.73413, 6, False, 0, 0,-0.1088532,0.003035544,3.843798,3.84534
459, torque, StraightLine, 502.84, 0.7518009, 0.1671876, 24.81074, 6, False, 0, 0,-0.1057903,0.008366282,3.848228,3.849691
460, torque, StraightLine, 502.86, 0.7497345, 0.1671876, 24.8881, 6, False, 0, 0,-0.105597,0.007192271,3.889981,3.891421
461, torque, StraightLine, 502.88, 0.7476592, 0.1671876, 24.96622, 6, False, 0, 0,-0.1072966,0.00376312,3.927863,3.92933
462, torque, StraightLine, 502.9, 0.7455755, 0.1671876, 25.04506, 6, False, 0, 0,-0.1060315,-0.0005656917,3.951029,3.952452
463, torque, StraightLine, 502.92, 0.7434823, 0.1671876, 25.12464, 6, False, 0, 0,-0.1116502,0.02431417,4.004199,4.005829
464, torque, StraightLine, 502.94, 0.7413779, 0.1671876, 25.20501, 6, False, 0, 0,-0.1070229,0.02631955,4.031822,4.033328
465, torque, StraightLine, 502.96, 0.7392632, 0.1671876, 25.28612, 6, False, 0, 0,-0.1061605,0.02423664,4.076622,4.078076
466, torque, StraightLine, 502.98, 0.7371373, 0.1671876, 25.36797, 6, False, 0, 0,-0.1073712,0.01930463,4.110973,4.112421
467, torque, StraightLine, 503, 0.7350009, 0.1671876, 25.45052, 6, False, 0, 0,-0.1036972,0.02376501,4.139387,4.140754
468, torque, StraightLine, 503.02, 0.7328542, 0.1671876, 25.53376, 6, False, 0, 0,-0.09828542,0.05888597,4.200954,4.202516
469, torque, StraightLine, 503.04, 0.7306968, 0.1671876, 25.61767, 6, False, 0, 0,-0.1004055,0.0345718,4.219466,4.220802
470, torque, StraightLine, 503.06, 0.7285274, 0.1671876, 25.70231, 6, False, 0, 0,-0.101762,0.06860352,4.267911,4.269676
471, torque, StraightLine, 503.08, 0.726347, 0.1671876, 25.7876, 6, False, 0, 0,-0.1002624,0.0370229,4.283683,4.285017
472, torque, StraightLine, 503.1, 0.7241564, 0.1671876, 25.87352, 6, False, 0, 0,-0.09426884,0.02593631,4.31126,4.312368
473, torque, StraightLine, 503.12, 0.7219564, 0.1671876, 25.96001, 6, False, 0, 0,-0.09601574,0.05811738,4.352039,4.353486
474, torque, StraightLine, 503.14, 0.7197476, 0.1671876, 26.04704, 6, False, 0, 0,-0.100328,0.03035544,4.365172,4.36643
475, torque, StraightLine, 503.16, 0.7175307, 0.1671876, 26.13456, 6, False, 0, 0,-0.1058409,0.03078554,4.377858,4.379246
476, torque, StraightLine, 503.18, 0.7153057, 0.1671876, 26.22257, 6, False, 0, 0,-0.09574487,0.0245229,4.410306,4.411413
477, torque, StraightLine, 503.2, 0.7130731, 0.1671876, 26.31105, 6, False, 0, 0,-0.1043506,0.02938931,4.424618,4.425946
478, torque, StraightLine, 503.22, 0.7108329, 0.1671876, 26.39997, 6, False, 0, 0,-0.0906774,0.03139887,4.430545,4.431584
479, torque, StraightLine, 503.24, 0.7085848, 0.1671876, 26.48935, 6, False, 0, 0,-0.1016132,0.01376431,4.472137,4.473313
480, torque, StraightLine, 503.26, 0.7063303, 0.1671876, 26.57911, 6, False, 0, 0,-0.1056387,0.01500477,4.490267,4.491535
481, torque, StraightLine, 503.28, 0.7040696, 0.1671876, 26.66924, 6, False, 0, 0,-0.1014613,0.01313,4.500286,4.501448
482, torque, StraightLine, 503.3, 0.701803, 0.1671876, 26.75972, 6, False, 0, 0,-0.1109226,0.01513001,4.52624,4.527625
483, torque, StraightLine, 503.32, 0.6995307, 0.1671876, 26.85054, 6, False, 0, 0,-0.1066913,0.02070611,4.537691,4.538992
484, torque, StraightLine, 503.34, 0.6972539, 0.1671876, 26.94164, 6, False, 0, 0,-0.1141387,0.01821527,4.553544,4.555011
485, torque, StraightLine, 503.36, 0.6949723, 0.1671876, 27.03302, 6, False, 0, 0,-0.1124642,0.01793893,4.576622,4.578039
486, torque, StraightLine, 503.38, 0.6926864, 0.1671876, 27.12466, 6, False, 0, 0,-0.1072907,0.01570253,4.585114,4.586397
487, torque, StraightLine, 503.4, 0.6903962, 0.1671876, 27.21656, 6, False, 0, 0,-0.1142787,0.00908084,4.589748,4.59118
488, torque, StraightLine, 503.42, 0.688102, 0.1671876, 27.3087, 6, False, 0, 0,-0.1099088,0.006637643,4.600477,4.601795
489, torque, StraightLine, 503.44, 0.6858047, 0.1671876, 27.40103, 6, False, 0, 0,-0.1120338,0.0009051067,4.608803,4.610165
490, torque, StraightLine, 503.46, 0.6835043, 0.1671876, 27.49356, 6, False, 0, 0,-0.1091186,0.002492843,4.632061,4.633347
491, torque, StraightLine, 503.48, 0.681201, 0.1671876, 27.58627, 7, False, 0, 0,-0.1074278,0.00298187,4.645038,4.646281
492, torque, StraightLine, 503.5, 0.6788953, 0.1671876, 27.67914, 7, False, 0, 0,-0.1102027,0.001685166,4.643102,4.64441
493, torque, StraightLine, 503.52, 0.6765872, 0.1671876, 27.77216, 7, False, 0, 0,-0.1080212,-0.002129055,4.653531,4.654785
494, torque, StraightLine, 503.54, 0.6742761, 0.1671876, 27.86535, 7, False, 0, 0,-0.112005,-0.0001789122,4.662214,4.663559
495, torque, StraightLine, 503.56, 0.6719612, 0.1671876, 27.95875, 7, False, 0, 0,-0.1113251,0.0001071837,4.665777,4.667105
496, torque, StraightLine, 503.58, 0.6696414, 0.1671876, 28.05239, 7, False, 0, 0,-0.1107645,-0.0007037214,4.685496,4.686805
497, torque, StraightLine, 503.6, 0.6673169, 0.1671876, 28.14627, 7, False, 0, 0,-0.110362,-0.003655773,4.696469,4.697767
498, torque, StraightLine, 503.62, 0.6649885, 0.1671876, 28.24035, 7, False, 0, 0,-0.1071718,-0.003685928,4.702172,4.703395
499, torque, StraightLine, 503.64, 0.6626584, 0.1671876, 28.33454, 7, False, 0, 0,-0.1112387,-0.00376312,4.714886,4.716199
500, torque, StraightLine, 503.66, 0.6603268, 0.1671876, 28.42882, 7, False, 0, 0,-0.1134331,-0.002435452,4.713415,4.71478
501, torque, StraightLine, 503.68, 0.6579938, 0.1671876, 28.5232, 7, False, 0, 0,-0.1141877,0.001550573,4.726241,4.72762
502, torque, StraightLine, 503.7, 0.6556596, 0.1671876, 28.61765, 7, False, 0, 0,-0.117438,0.003870468,4.73063,4.732089
503, torque, StraightLine, 503.72, 0.6533235, 0.1671876, 28.71221, 7, False, 0, 0,-0.1181105,0.005126953,4.732089,4.733565
504, torque, StraightLine, 503.74, 0.6509861, 0.1671876, 28.80686, 7, False, 0, 0,-0.11957,-0.0007931775,4.738454,4.739963
505, torque, StraightLine, 503.76, 0.6486472, 0.1671876, 28.90159, 7, False, 0, 0,-0.1198235,-0.002946088,4.740363,4.741878
506, torque, StraightLine, 503.78, 0.6463076, 0.1671876, 28.99637, 7, False, 0, 0,-0.120537,-0.003519198,4.735042,4.736578
507, torque, StraightLine, 503.8, 0.6439667, 0.1671876, 29.09123, 7, False, 0, 0,-0.1183087,-0.001347805,4.748187,4.749661
508, torque, StraightLine, 503.82, 0.6416246, 0.1671876, 29.18617, 7, False, 0, 0,-0.1182043,-0.001628101,4.756393,4.757862
509, torque, StraightLine, 503.84, 0.6392809, 0.1671876, 29.28119, 7, False, 0, 0,-0.1178872,0.0009825171,4.752573,4.754035
510, torque, StraightLine, 503.86, 0.6369356, 0.1671876, 29.37629, 7, False, 0, 0,-0.1198265,-0.0001550572,4.767939,4.769444
511, torque, StraightLine, 503.88, 0.6345888, 0.1671876, 29.47147, 7, False, 0, 0,-0.120229,0.0010198,4.765172,4.766688
512, torque, StraightLine, 503.9, 0.6322408, 0.1671876, 29.56672, 7, False, 0, 0,-0.1208972,-0.0005716463,4.761433,4.762968
513, torque, StraightLine, 503.92, 0.6298914, 0.1671876, 29.66204, 7, False, 0, 0,-0.1260735,-0.004085162,4.777863,4.779527
514, torque, StraightLine, 503.94, 0.6275412, 0.1671876, 29.7574, 7, False, 0, 0,-0.1204864,-0.0004287348,4.769912,4.771434
515, torque, StraightLine, 503.96, 0.6251902, 0.1671876, 29.85282, 7, False, 0, 0,-0.1211921,-0.003154819,4.783206,4.784742
516, torque, StraightLine, 503.98, 0.6228384, 0.1671876, 29.94828, 7, False, 0, 0,-0.1178584,-0.003983778,4.779675,4.78113
517, torque, StraightLine, 504, 0.6204858, 0.1671876, 30.04379, 7, False, 0, 0,-0.1187238,-0.006049924,4.772485,4.773965
518, torque, StraightLine, 504.02, 0.6181328, 0.1671876, 30.13932, 7, False, 0, 0,-0.1201067,-0.01157562,4.776622,4.778146
519, torque, StraightLine, 504.04, 0.6157796, 0.1671876, 30.23488, 7, False, 0, 0,-0.120223,-0.002337786,4.783397,4.784908
520, torque, StraightLine, 504.06, 0.6134261, 0.1671876, 30.33045, 7, False, 0, 0,-0.1196914,-0.002173447,4.777248,4.778748
521, torque, StraightLine, 504.08, 0.6110728, 0.1671876, 30.42603, 7, False, 0, 0,-0.1193434,-0.0007573951,4.783111,4.784599
522, torque, StraightLine, 504.1, 0.6087186, 0.1671876, 30.52165, 7, False, 0, 0,-0.1208433,-0.0007454676,4.792271,4.793795
523, torque, StraightLine, 504.12, 0.6063638, 0.1671876, 30.61731, 7, False, 0, 0,-0.1229873,-0.0005240092,4.785442,4.787022
524, torque, StraightLine, 504.14, 0.6040112, 0.1671876, 30.71289, 7, False, 0, 0,-0.1222895,-0.001347805,4.783779,4.785342
525, torque, StraightLine, 504.16, 0.6016609, 0.1671876, 30.80838, 7, False, 0, 0,-0.1210074,-0.0004704173,4.773057,4.77459
526, torque, StraightLine, 504.18, 0.5993138, 0.1671876, 30.90375, 7, False, 0, 0,-0.1195193,0.0006381202,4.774237,4.775733
527, torque, StraightLine, 504.2, 0.5969697, 0.1671876, 30.999, 7, False, 0, 0,-0.1192659,0.0009780534,4.768989,4.77048
528, torque, StraightLine, 504.22, 0.5946277, 0.1671876, 31.09418, 7, False, 0, 0,-0.1235739,-0.003721656,4.760766,4.762371
529, torque, StraightLine, 504.24, 0.5922869, 0.1671876, 31.1893, 7, False, 0, 0,-0.1202171,-0.004114981,4.762309,4.763828
530, torque, StraightLine, 504.26, 0.5899475, 0.1671876, 31.28439, 7, False, 0, 0,-0.1203811,-0.003751193,4.759923,4.761447
531, torque, StraightLine, 504.28, 0.5876091, 0.1671876, 31.37943, 7, False, 0, 0,-0.1173989,-0.008824791,4.742568,4.74403
532, torque, StraightLine, 504.3, 0.5852716, 0.1671876, 31.47444, 7, False, 0, 0,-0.1158218,-0.01037691,4.744943,4.746367
533, torque, StraightLine, 504.32, 0.5829353, 0.1671876, 31.56941, 8, False, 0, 0,-0.1174499,-0.01202886,4.750859,4.752326
534, torque, StraightLine, 504.34, 0.5805989, 0.1671876, 31.66439, 8, False, 0, 0,-0.1166784,-0.005252001,4.747523,4.748959
535, torque, StraightLine, 504.36, 0.5782624, 0.1671876, 31.75937, 8, False, 0, 0,-0.1155177,-0.005504532,4.756488,4.757894
536, torque, StraightLine, 504.38, 0.5759259, 0.1671876, 31.85436, 8, False, 0, 0,-0.1172173,-0.003339695,4.758015,4.75946
537, torque, StraightLine, 504.4, 0.5735891, 0.1671876, 31.94937, 8, False, 0, 0,-0.1174287,-0.003275057,4.753239,4.754691
538, torque, StraightLine, 504.42, 0.5712519, 0.1671876, 32.04439, 8, False, 0, 0,-0.1177719,-0.008468512,4.767366,4.768828
539, torque, StraightLine, 504.44, 0.5689147, 0.1671876, 32.13942, 8, False, 0, 0,-0.1176252,-0.00212581,4.757241,4.758695
540, torque, StraightLine, 504.46, 0.5665773, 0.1671876, 32.23446, 8, False, 0, 0,-0.1210788,-0.002653864,4.766794,4.768332
541, torque, StraightLine, 504.48, 0.56424, 0.1671876, 32.32949, 8, False, 0, 0,-0.1231184,-0.002164838,4.769465,4.771055
542, torque, StraightLine, 504.5, 0.5619031, 0.1671876, 32.42452, 8, False, 0, 0,-0.1237644,-0.00517459,4.760671,4.762282
543, torque, StraightLine, 504.52, 0.5595658, 0.1671876, 32.51956, 8, False, 0, 0,-0.132568,-0.01922114,4.779771,4.781648
544, torque, StraightLine, 504.54, 0.5572277, 0.1671876, 32.61464, 8, False, 0, 0,-0.1303167,-0.0152135,4.772328,4.774132
545, torque, StraightLine, 504.56, 0.5548888, 0.1671876, 32.70975, 8, False, 0, 0,-0.1133319,-0.01083151,4.762195,4.763556
546, torque, StraightLine, 504.58, 0.5525485, 0.1671876, 32.80492, 8, False, 0, 0,-0.113487,-0.01591126,4.768703,4.770079
547, torque, StraightLine, 504.6, 0.5502068, 0.1671876, 32.90016, 8, False, 0, 0,-0.1166001,-0.01124165,4.779389,4.780825
548, torque, StraightLine, 504.62, 0.5478631, 0.1671875, 32.99547, 8, False, 0, 0,-0.1278701,-0.02430688,4.786966,4.788735
549, torque, StraightLine, 504.64, 0.545516, 0.1671875, 33.09092, 8, False, 0, 0,-0.1236462,-0.01005487,4.790649,4.792255
550, torque, StraightLine, 504.66, 0.5431644, 0.1671875, 33.18657, 8, False, 0, 0,-0.1225675,-0.007455221,4.79154,4.793113
551, torque, StraightLine, 504.68, 0.5408084, 0.1671875, 33.28238, 8, False, 0, 0,-0.1211355,-0.003089217,4.811832,4.813357
552, torque, StraightLine, 504.7, 0.538448, 0.1671875, 33.37838, 8, False, 0, 0,-0.1204497,-0.0006619752,4.819275,4.82078
553, torque, StraightLine, 504.72, 0.5360835, 0.1671875, 33.47455, 8, False, 0, 0,-0.1196349,-0.003310785,4.833079,4.834561
554, torque, StraightLine, 504.74, 0.5337166, 0.1671875, 33.57082, 8, False, 0, 0,-0.1193106,-0.001723521,4.828435,4.829909
555, torque, StraightLine, 504.76, 0.5313483, 0.1671875, 33.66714, 8, False, 0, 0,-0.1196923,0.0006083015,4.828817,4.8303
556, torque, StraightLine, 504.78, 0.5289786, 0.1671874, 33.76352, 8, False, 0, 0,-0.1181611,-0.004013434,4.841082,4.842525
557, torque, StraightLine, 504.8, 0.5266089, 0.1671874, 33.85991, 8, False, 0, 0,-0.1236313,-0.005713264,4.83416,4.835744
558, torque, StraightLine, 504.82, 0.5242391, 0.1671874, 33.9563, 8, False, 0, 0,-0.1206942,-0.008086832,4.83416,4.835673
559, torque, StraightLine, 504.84, 0.5218688, 0.1671873, 34.05271, 8, False, 0, 0,-0.1179497,-0.010635,4.821265,4.82272
560, torque, StraightLine, 504.86, 0.5194981, 0.1671873, 34.14913, 8, False, 0, 0,-0.1201038,-0.006858301,4.830534,4.832032
561, torque, StraightLine, 504.88, 0.5171271, 0.1671873, 34.24557, 8, False, 0, 0,-0.1237029,0.00189647,4.829198,4.830783
562, torque, StraightLine, 504.9, 0.5147554, 0.1671873, 34.34204, 8, False, 0, 0,-0.1226092,-0.0002322313,4.821456,4.823015
563, torque, StraightLine, 504.92, 0.5123831, 0.1671873, 34.43854, 8, False, 0, 0,-0.1264253,-0.008134542,4.821183,4.822847
564, torque, StraightLine, 504.94, 0.5100106, 0.1671873, 34.53504, 8, False, 0, 0,-0.1230781,-0.003007098,4.816692,4.818265
565, torque, StraightLine, 504.96, 0.5076377, 0.1671873, 34.63157, 8, False, 0, 0,-0.124256,-0.0001789122,4.826527,4.828126
566, torque, StraightLine, 504.98, 0.5052643, 0.1671873, 34.72811, 8, False, 0, 0,-0.1226622,0.008361164,4.83397,4.835533
567, torque, StraightLine, 505, 0.5028893, 0.1671872, 34.82471, 8, False, 0, 0,-0.1214302,0.008723562,4.83003,4.831564
568, torque, StraightLine, 505.02, 0.5005129, 0.1671872, 34.92138, 8, False, 0, 0,-0.1260422,0.0001073473,4.829771,4.831416
569, torque, StraightLine, 505.04, 0.4981342, 0.1671872, 35.01814, 8, False, 0, 0,-0.1219704,-0.0002683683,4.836259,4.837797
570, torque, StraightLine, 505.06, 0.4957533, 0.1671872, 35.11498, 8, False, 0, 0,-0.1212292,0.0003632336,4.832698,4.834219
571, torque, StraightLine, 505.08, 0.4933701, 0.1671872, 35.21192, 8, False, 0, 0,-0.1212652,0.0003339695,4.843893,4.845411
572, torque, StraightLine, 505.1, 0.4909849, 0.1671872, 35.30895, 8, False, 0, 0,-0.1193553,-0.0006977576,4.847137,4.848607
573, torque, StraightLine, 505.12, 0.4885981, 0.1671872, 35.40604, 8, False, 0, 0,-0.1109842,-0.001953125,4.837652,4.838925
574, torque, StraightLine, 505.14, 0.4862102, 0.1671872, 35.50317, 8, False, 0, 0,-0.1150659,-0.0006083015,4.853626,4.85499
575, torque, StraightLine, 505.16, 0.4838212, 0.1671871, 35.60036, 9, False, 0, 0,-0.1217235,0.002989234,4.842607,4.844137
576, torque, StraightLine, 505.18, 0.4814305, 0.1671871, 35.69761, 9, False, 0, 0,-0.1203856,0.00322042,4.857634,4.859126
577, torque, StraightLine, 505.2, 0.4790365, 0.1671871, 35.79499, 9, False, 0, 0,-0.1172635,0.00487834,4.857824,4.859242
578, torque, StraightLine, 505.22, 0.47664, 0.1671871, 35.89248, 9, False, 0, 0,-0.1137561,0.01560714,4.837652,4.839015
579, torque, StraightLine, 505.24, 0.4742421, 0.1671871, 35.99002, 9, False, 0, 0,-0.1140953,0.0141281,4.877099,4.878454
580, torque, StraightLine, 505.26, 0.471843, 0.1671871, 36.08762, 9, False, 0, 0,-0.1169609,0.01415792,4.875573,4.876996
581, torque, StraightLine, 505.28, 0.4694427, 0.1671871, 36.18526, 9, False, 0, 0,-0.1194339,0.02071623,4.858422,4.859934
582, torque, StraightLine, 505.3, 0.4670419, 0.1671871, 36.28292, 9, False, 0, 0,-0.1173321,0.009714933,4.871565,4.872987
583, torque, StraightLine, 505.32, 0.4646405, 0.1671871, 36.38061, 9, False, 0, 0,-0.1109524,0.03817987,4.850191,4.85161
584, torque, StraightLine, 505.34, 0.4622396, 0.1671871, 36.47828, 9, False, 0, 0,-0.1132396,0.005734327,4.863948,4.86527
585, torque, StraightLine, 505.36, 0.459839, 0.1671871, 36.57593, 9, False, 0, 0,-0.1130218,0.006589933,4.870229,4.871545
586, torque, StraightLine, 505.38, 0.4574388, 0.1671871, 36.67357, 9, False, 0, 0,-0.1161245,0.006882157,4.866412,4.867802
587, torque, StraightLine, 505.4, 0.4550395, 0.1671871, 36.77117, 9, False, 0, 0,-0.1116229,0.00229254,4.861661,4.862943
588, torque, StraightLine, 505.42, 0.452641, 0.1671871, 36.86874, 9, False, 0, 0,-0.1157502,0.004293893,4.858206,4.859587
589, torque, StraightLine, 505.44, 0.4502434, 0.1671871, 36.96627, 9, False, 0, 0,-0.1136222,0.002429497,4.846227,4.847559
590, torque, StraightLine, 505.46, 0.4478468, 0.1671871, 37.06377, 9, False, 0, 0,-0.1151911,0.00532562,4.862977,4.864344
591, torque, StraightLine, 505.48, 0.4454504, 0.1671871, 37.16125, 9, False, 0, 0,-0.1104634,-0.0186188,4.856679,4.857971
592, torque, StraightLine, 505.5, 0.4430544, 0.1671871, 37.25872, 9, False, 0, 0,-0.1070438,-0.002268721,4.857279,4.858459
593, torque, StraightLine, 505.52, 0.4406583, 0.1671871, 37.35619, 9, False, 0, 0,-0.108971,0.00805105,4.856679,4.857908
594, torque, StraightLine, 505.54, 0.4382619, 0.1671871, 37.45368, 9, False, 0, 0,-0.1176199,0.004693464,4.864504,4.865928
595, torque, StraightLine, 505.56, 0.4358655, 0.1671871, 37.55116, 9, False, 0, 0,-0.1195962,0.002983279,4.856326,4.8578
596, torque, StraightLine, 505.58, 0.4334691, 0.1671871, 37.64865, 9, False, 0, 0,-0.1179926,0.001520754,4.864122,4.865553
597, torque, StraightLine, 505.6, 0.4310732, 0.1671871, 37.74611, 9, False, 0, 0,-0.1169221,0.003733302,4.860878,4.862286
598, torque, StraightLine, 505.62, 0.4286776, 0.1671871, 37.84357, 9, False, 0, 0,-0.1037434,0.00543064,4.842988,4.844102
599, torque, StraightLine, 505.64, 0.4262825, 0.1671871, 37.941, 9, False, 0, 0,-0.1065765,0.005796756,4.854198,4.855372
600, torque, StraightLine, 505.66, 0.4238874, 0.1671871, 38.03843, 9, False, 0, 0,-0.1132649,0.0005180545,4.854992,4.856313
601, torque, StraightLine, 505.68, 0.4214912, 0.1671872, 38.13591, 9, False, 0, 0,-0.1182207,0.003798903,4.861641,4.86308
602, torque, StraightLine, 505.7, 0.4190939, 0.1671872, 38.23343, 9, False, 0, 0,-0.1135228,0.001300095,4.866985,4.868309
603, torque, StraightLine, 505.72, 0.4166944, 0.1671872, 38.33105, 9, False, 0, 0,-0.08342017,-0.003024962,4.840892,4.841611
604, torque, StraightLine, 505.74, 0.4142927, 0.1671872, 38.42875, 9, False, 0, 0,-0.1028835,0.007072996,4.878244,4.879334
605, torque, StraightLine, 505.76, 0.4118891, 0.1671872, 38.52652, 9, False, 0, 0,-0.1045086,0.003709447,4.881298,4.882418
606, torque, StraightLine, 505.78, 0.4094833, 0.1671872, 38.62439, 9, False, 0, 0,-0.1065495,0.004442168,4.874619,4.875785
607, torque, StraightLine, 505.8, 0.4070755, 0.1671872, 38.72234, 9, False, 0, 0,-0.1071132,0.0007037214,4.887977,4.889151
608, torque, StraightLine, 505.82, 0.4046652, 0.1671872, 38.82039, 9, False, 0, 0,-0.1048888,0.004997614,4.876908,4.878039
609, torque, StraightLine, 505.84, 0.4022536, 0.1671872, 38.9185, 9, False, 0, 0,-0.1082258,-0.0002262767,4.879573,4.880774
610, torque, StraightLine, 505.86, 0.3998408, 0.1671872, 39.01665, 9, False, 0, 0,-0.1027165,0.002588263,4.893703,4.894781
611, torque, StraightLine, 505.88, 0.3974272, 0.1671872, 39.11484, 9, False, 0, 0,-0.09956017,0.002313931,4.893703,4.894716
612, torque, StraightLine, 505.9, 0.3950116, 0.1671872, 39.2131, 9, False, 0, 0,-0.08879573,-0.003239329,4.889101,4.889908
613, torque, StraightLine, 505.92, 0.3925943, 0.1671872, 39.31144, 9, False, 0, 0,-0.08736283,0.01103292,4.857443,4.858241
614, torque, StraightLine, 505.94, 0.3901761, 0.1671872, 39.40981, 9, False, 0, 0,-0.1103635,0.001607755,4.886242,4.887489
615, torque, StraightLine, 505.96, 0.387757, 0.1671872, 39.50822, 9, False, 0, 0,-0.1088636,0.0004651718,4.893703,4.894913
616, torque, StraightLine, 505.98, 0.3853373, 0.1671872, 39.60666, 10, False, 0, 0,-0.1139194,0.006786737,4.895992,4.897322
